id,Name,Category,Address,Confidence Score,original_geometry_wkt,longitude,latitude
08f28d5428cd954e0338fdd58d90561a,La Belle Elaine's Bridal,bridal_shop,1550 Eastlake Ave E,0.9799461239149955,POINT (-122.3253727 47.6337251),-122.3253727,47.6337251
08f26e8070c2d6a9033d1fa93bda0a8f,Thunderbowl,beer_bar,833 W Choctaw St,0.77,POINT (-94.98192 35.91416),-94.98192,35.91416
08f48981360c349403c80ceff2683b6b,Hofbrau RV Park,rv_park,102 Alpine Dr,0.9279869067103109,POINT (-98.3315032 30.4604909),-98.3315032,30.4604909
08f29a0b5b4a978203d20beb95a197d2,Masterlink Sausage and Meats,butcher_shop,327 N State College Blvd,0.9834369885433715,POINT (-117.8902723 33.8731889),-117.8902723,33.8731889
08f28f00f3d4b585032f78576978daf6,Additional Self Storage,self_storage_facility,4901 NE Minnehaha St,0.9952617890630348,POINT (-122.621135 45.6675478),-122.621135,45.6675478
08f26481ac23034303b8ee99d9f1409f,Roam Freely RV Park,campground,60 Flatwoods Church Dr,0.48475791990436345,POINT (-88.0867 35.8504853),-88.0867,35.8504853
08f44c1ce96aa98603ccdb7d8cd55adb,ABC Childcare and Learning Center,day_care_preschool,2155 Highway 212,0.9793990828827596,POINT (-83.9034804 33.4623725),-83.9034804,33.4623725
08f44a1b95a4222503b4488015a79425,Camden Doral Apartments,accommodation,4790 NW 107th Ave,0.9952617890630348,POINT (-80.3704694 25.8165997),-80.3704694,25.8165997
08f446c323aec04203876f8bc173c15e,Floral Supply Syndicate,flowers_and_gifts_shop,392 Garden Oaks Blvd,0.93596425912137,POINT (-95.4067417 29.8268755),-95.4067417,29.8268755
08f2a84688d13b5103deb75476e2b8d3,Sweet Hut Chinese Restaurant,asian_fusion_restaurant,1000 Park Pl Dr Ste 101,0.77,POINT (-80.1938409 40.2132756),-80.1938409,40.2132756
08f44c1a81a3404d03b5bfe9e7747c1a,Express/Atlantic Bail Bonding,bail_bonds_service,236 Forsyth St SW,0.77,POINT (-84.3966903686523 33.7481002807617),-84.3966903686523,33.7481002807617
08f2b8da4c86c6c1032b4786938b26e8,"Jewell Transport, Inc.",junk_removal_and_hauling,330 River Rd,0.77,POINT (-72.3870884 43.3483126),-72.3870884,43.3483126
08f446d83255e5560389c6d7914a765e,Farm to Market Produce Company,sandwich_shop,128 E Palm St,0.9793990828827596,POINT (-96.2555874 29.9510923),-96.2555874,29.9510923
08f48ee62d2d091b03a5bb4b9cfaa3ad,Hidden Oasis,bed_and_breakfast,1867 N Johnson Rd,0.9793990828827596,POINT (-110.0390495 32.0302883),-110.0390495,32.0302883
08f2660ccc7ab24003770ff2c38db1dd,Krispy Krunchy Chicken,fast_food_restaurant,620 US Highway 24 W,0.2803234501347709,POINT (-87.999008 40.752235),-87.999008,40.752235
08f2661a16c4a6de0394c2b997482f2a,Subway,sandwich_shop,9210 Rockville Rd,0.9952617890630348,POINT (-86.3254779 39.7642293),-86.3254779,39.7642293
08f2a931a9d63118036d6d7b8b12453f,Home Emporium,home_goods_store,11360 Princeton Pike,0.9793990828827596,POINT (-84.4646029 39.2848248),-84.4646029,39.2848248
08f2a339a02ceb7603e502950fefb701,Extra Space Storage,self_storage_facility,122 Allied Dr,0.9952617890630348,POINT (-71.1753008 42.2260099),-71.1753008,42.2260099
08f27504da60cd4603c96460b761d69a,"Mini Mobile Cabins, LLC",cabin,910 4th Ave,0.9279869067103109,POINT (-92.0248894 45.5265257),-92.0248894,45.5265257
08f2a956b4c4e0c103e3a35c29a7fd24,Starbucks,coffee_shop,"4747 Sawmill Rd (Giant Eagle Mkt-Colum, Bus #6504)",0.77,POINT (-83.0952985 40.0641261),-83.0952985,40.0641261
08f446e2248194530328289b55bb672e,Exxpress Mart 24,convenience_store,3025 Highway 96 Byp,0.9793990828827596,POINT (-94.1665339 30.324578),-94.1665339,30.324578
08f26cc55319137503a9f7a7f4ad9e52,Mazzio’s Pizza & Wings,pizza_restaurant,1400 W Broadway Ave,0.77,POINT (-96.9851585 34.5067431),-96.9851585,34.5067431
08f268cdac9ad71b03c7566f8758d236,Indexed I/O,software_development,3457 Ringsby Ct Ste 215,0.77,POINT (-104.982516 39.7723),-104.982516,39.7723
08f2664ca94012dc030f63f7e23fe7cb,IMD Guest House Foundation,hotel,809 S Damen Ave,0.9793990828827596,POINT (-87.6756313 41.8710987),-87.6756313,41.8710987
08f2a31ce8b94cb303eab6152e093fa6,Brasswood Inn,hotel,174 Commercial St,0.9793990828827596,POINT (-70.1898014 42.0479825),-70.1898014,42.0479825
08f44a829db7442d03c72d9448c9f367,Corey's Bagels On the Beach,bagel_shop,692 E Eau Gallie Blvd,0.9793990828827596,POINT (-80.5884816 28.1388035),-80.5884816,28.1388035
08f26628daaa407003ea92bc6480f91b,The Hub,smoothie_juice_bar,2505 E Oakland Ave,0.9799461239149955,POINT (-88.9550856 40.473398),-88.9550856,40.473398
08f0c73ba586bac303f513569c367a03,Cherish the Moments,event_photography,741 S Reeve Cir,0.8316831683168316,POINT (-149.3326885 61.5752691),-149.3326885,61.5752691
08f4446366c49561036fa9c50a0ee874,Genia Nicole Photography,professional_services,13408 Highway 44,0.8770555990602976,POINT (-90.9209659 30.2660838),-90.9209659,30.2660838
08f4440c1a1854ee0304800dc17e6154,Capital Funeral Home Inc,funeral_services_and_cemeteries,3450 North St,0.9793990828827596,POINT (-91.1544722 30.4533413),-91.1544722,30.4533413
08f2a1350025a87303f97d18cee6c9f5,uBreakiFix by Asurion,mobile_phone_repair,1293 Lincoln Highway,0.77,POINT (-74.8952886 40.1675061),-74.8952886,40.1675061
08f27418eb6363000337e6f8cbc3c901,Goodwill,discount_store,1151 S Airport Rd W,0.3184402924451666,POINT (-85.598401 44.732955),-85.598401,44.732955
08f29a19b28d06000322a7b0198ff445,A a Mini Mart,grocery_store,1601 Centinela Ave,0.8770555990602976,POINT (-118.3669817 33.9767493),-118.3669817,33.9767493
08f44cc29ad588eb03c87215681e599e,Elder's Ace Hardware,hardware_store,4200 Highway 2,0.9953876085004489,POINT (-84.9482109 34.8940804),-84.9482109,34.8940804
08f4468641964da90370990c3131f372,VisionQuest RTC Lufkin,event_planning,3896 FM 2497,0.3544715447154472,POINT (-94.81876 31.26139),-94.81876,31.26139
08f26c8c8d36363503eadc35ea7b5d77,Hills Cafe,cafe,204 E California St,0.9793990828827596,POINT (-97.1441505 33.6240066),-97.1441505,33.6240066
08f44e8cc908631a031c4515674b2704,Poplar Point Christian Camp,campground,191 Poplar Point Camp Dr,0.9799461239149955,POINT (-86.2148021 32.9707065),-86.2148021,32.9707065
08f2a306631668a303eb5d57a51612a1,Dependable Cleaners,dry_cleaning,110 Newbury St,0.9953876085004489,POINT (-71.0756928 42.3512907),-71.0756928,42.3512907
08f288423356c91103ca007f24b8f280,Cafe Rio Fresh Modern Mexican,fast_food_restaurant,3243 E Village Dr Ste 100,0.77,POINT (-116.35383 43.62281),-116.35383,43.62281
08f444caac6d4822035ee4516f3dab07,El Patio Mexican Grill,mexican_restaurant,12758 Mansfield Rd,0.9793990828827596,POINT (-93.8298568 32.3123109),-93.8298568,32.3123109
08f4451ba27a2663031e322784658ff9,Record Nations,shredding_services,5266 Old Highway 11,0.9233926128590971,POINT (-89.4087539 31.311877),-89.4087539,31.311877
08f5d11434884420033a0a2d37559cad,Big Island Bakehouse,bakery,16-566 Keaau-Pahoa Rd,0.93596425912137,POINT (-155.0389922 19.6216604),-155.0389922,19.6216604
08f2a107289810f60383b811cc101437,"A.E.C. CONSULTING & EXPEDITING, INC.",engineering_services,20 Vesey St Ste 909,0.77,POINT (-74.0096527 40.7118667),-74.0096527,40.7118667
08f2656722980596039857f5c7c1ddfa,Clarks Motel,hotel,1807 Merriam Ln,0.9793990828827596,POINT (-94.6494782 39.0495542),-94.6494782,39.0495542
08f2aa8c7626894b035c8e09f81ccc3f,Don Tigre Mexican Cuisine Bar - Locust Point,mexican_restaurant,900 E Fort Ave,0.9953876085004489,POINT (-76.6006455 39.2715289),-76.6006455,39.2715289
08f2a1055c271aea032bffcbd24fcc4b,Kitchen Fair,home_improvement_store,1 De Boer Dr,0.804932735426009,POINT (-74.141723 40.9500947),-74.141723,40.9500947
08f2a98ba908c89403ed8847c6c2854b,Rc's Country Store & Fillin' Station,convenience_store,11366 State Highway 1056,0.48475791990436345,POINT (-82.1671691 37.619687),-82.1671691,37.619687
08f2a3361b34453303f40ff4ed3b9e6b,Fish Connection,hunting_and_fishing_supplies,127 Route 12,0.9793990828827596,POINT (-72.0647736 41.4758974),-72.0647736,41.4758974
08f2aae16aaae71403352f18ee18d46d,MAR BAR TIRE SERVICE INC,tire_shop,4285 HANOVER ROAD,0.77,POINT (-77.09127050656787 39.802155968849696),-77.09127050656787,39.802155968849696
08f260e253aa5cf1035e0fb535525c7d,Holiday Inn Express & Suites Omaha-Southwest,hotel,10729 J St,0.8814943215780036,POINT (-96.08033 41.214238),-96.08033,41.214238
08f29124cb25b61203735df89b69e4e2,US Navy Enlisted Recruiting,employment_agencies,2347 N OXNARD Blvd Ste D,0.77,POINT (-119.1791746 34.2270494),-119.1791746,34.2270494
08f2a10755d0da1c03155a1195004543,Kung Fu Tea,bubble_tea,8625 5th Ave,0.9793990828827596,POINT (-74.0266653 40.6208711),-74.0266653,40.6208711
08f2a88c18ac486303d2d8df15029c9c,Kroger,supermarket,15069 Forest Rd,0.9952617890630348,POINT (-79.2948345 37.3642811),-79.2948345,37.3642811
08f2a8b4c25012550374f1c345937cc5,M Creative,graphic_designer,541 N Trade St,0.9793990828827596,POINT (-80.2461138 36.1009441),-80.2461138,36.1009441
08f26c865814959b036eb5dec0dc2d7c,8500 North Stemmons Home Base,event_planning,8500 N Stemmons Fwy,0.9233926128590971,POINT (-96.871707 32.8280489),-96.871707,32.8280489
08f44eb6a876615d03149a9ffcf3d74b,Dollar General,discount_store,22679 Al Highway 75,0.9793990828827596,POINT (-85.7978632 34.5629341),-85.7978632,34.5629341
08f29a56ab08acd003403a723d19d4f9,Hawk Importers,professional_services,2307 E Artesia Blvd,0.93596425912137,POINT (-118.1654016 33.8749788),-118.1654016,33.8749788
08f29a0993723d0e03090c0c32eb0cb2,"The Grossman Law Firm, APC",wills_trusts_and_probate,41593 Winchester Rd Ste 200,0.77,POINT (-117.1663171 33.521049),-117.1663171,33.521049
08f2659b598ec82503a358affd0ee02e,Robert Half,employment_agencies,6750 Poplar Ave,0.9793990828827596,POINT (-89.8381734 35.0987024),-89.8381734,35.0987024
08f26de6a02c967003fecdb22a4db690,Red Roof,hotel,6624 Interstate 27,0.9793990828827596,POINT (-101.8459139 33.5321521),-101.8459139,33.5321521
08f275d769b29a6903bf058fddfc4235,Khanya Corporation,marketing_agency,2200 W Kilbourn Ave,0.8770555990602976,POINT (-87.9406562 43.0422493),-87.9406562,43.0422493
08f488b6d30e88920318f8e37351abfd,C DUBBS Remodeling,home_improvement_store,1503 Lexington Ave,0.8645533141210374,POINT (-101.4557177 32.2435055),-101.4557177,32.2435055
08f29b6d336d57330305e311d56e3d68,Zazu Pannee Park Regent,accommodation,1502 E Osborn Rd,0.3184402924451666,POINT (-112.049418 33.487662),-112.049418,33.487662
08f2ad035aaf4ac2039c484e6d8e16ee,Guidry Coastal Architecture,architectural_designer,414 W Blackbeard Rd,0.8645533141210374,POINT (-77.8568363 34.1893241),-77.8568363,34.1893241
08f44a18d80a496c0370558e3a242b92,Ventura Business Solutions,professional_services,987 SW 37th Ave,0.8645533141210374,POINT (-80.2547239 25.76228),-80.2547239,25.76228
08f274b0f0253ab303331772eb1801d6,Subway,sandwich_shop,2727 Benham Ave,0.9952617890630348,POINT (-85.9705754 41.6584277),-85.9705754,41.6584277
08f44a139437335103e06a38aec56a5e,Hoffer Pest Solutions,pest_control_service,"1975 E Sunrise Blvd., Ste 503",0.77,POINT (-80.1192 26.137763),-80.1192,26.137763
08f2a100cac0e4f1033abefc7d8474da,McDonald's,fast_food_restaurant,15 Jamaica Ave,0.9952617890630348,POINT (-73.8976528 40.6776008),-73.8976528,40.6776008
08f28f0334176af50374635d3a065495,A&T Resale,thrift_store,10505 NW Glencoe Rd,0.9793990828827596,POINT (-122.9943018 45.596204),-122.9943018,45.596204
08f44d82898c2d1e032594cbf34cbeb1,The Drug Store Vale,pharmacy,9576 W NC-10,0.9793990828827596,POINT (-81.4802819 35.5682452),-81.4802819,35.5682452
08f444112656304303fa03198aedec5f,Motel 6 Alexandria,hotel,742 MacArthur Dr,0.9952617890630348,POINT (-92.4785814 31.2940962),-92.4785814,31.2940962
08f274da5a31e0c403e9d27d16968c33,Autoliv Americas,professional_services,1320 Pacific Dr,0.9793990828827596,POINT (-83.2742785 42.6944394),-83.2742785,42.6944394
08f29a56ce2e96e1033dbdf3c9f9851a,Sam's Watermelons,grocery_store,6223 S Normandie Ave,0.93596425912137,POINT (-118.3004849 33.9825335),-118.3004849,33.9825335
08f29a578bda4450037d7222e42f4da1,Jordanah,event_planning,5318 E 2nd St,0.9756489071038251,POINT (-118.1321789 33.7589515),-118.1321789,33.7589515
08f262808a182014037ee27b008cff1a,Forest City Inn,hotel,1215 Highway 69,0.9793990828827596,POINT (-93.6366474 43.2462063),-93.6366474,43.2462063
08f2aa845eb8520103a7f17fd1fc691f,Bloomingdale Wine and Spirits,liquor_store,1836 1st St NW,0.9793990828827596,POINT (-77.0123595 38.915465),-77.0123595,38.915465
08f2b8e6a104c82d03642c26879a2511,T R Jetty Funeral Home Inc,funeral_services_and_cemeteries,512 James St,0.9793990828827596,POINT (-76.0864194 44.238381),-76.0864194,44.238381
08f2ab31ad9098c00350623fdcc1f6e6,Mi Bella Casa Furniture,furniture_store,35107 Center Ridge Rd,0.9793990828827596,POINT (-82.0068383 41.3925935),-82.0068383,41.3925935
08f44ccd946068d803169fdd034b2789,La Pequena Food Mart,supermarket,680 Powder Springs St,0.9793990828827596,POINT (-84.55702 33.9369407),-84.55702,33.9369407
08f2a14a83b9a28a0372332d87fe17d4,Delmar Products,professional_services,400 Christian Ln,0.8770555990602976,POINT (-72.7501828 41.6417356),-72.7501828,41.6417356
08f264930874b80a03c3903fe19da3b0,Rugged Portable Computers LLC,it_consultant,509 Production Ave,0.8432412672623883,POINT (-86.7808780785262 34.67242691543611),-86.7808780785262,34.67242691543611
08f28308c5c1359803c784f80ec0f24f,Soulfully Dope Kitchen and Catering,caterer,23 Maine Ave,0.865,POINT (-122.369342 37.9283569),-122.369342,37.9283569
08f2832ab4703752037ff18aada0852a,Denio's Roseville Farmers Market & Swap Meet,farmers_market,1551 Vineyard Rd,0.9536423841059603,POINT (-121.3057713 38.7438066),-121.3057713,38.7438066
08f2659b08855a7503594e72bf627c4c,Yale Tire and Auto Tech,tire_shop,3491 Ramill Rd,0.77,POINT (-89.9271509 35.2208683),-89.9271509,35.2208683
08f264a86a6534b0038003a5f844d012,Finish Line,shoe_store,2021 N Highland Ave,0.9952617890630348,POINT (-88.8306536 35.6572467),-88.8306536,35.6572467
08f29a1dabb5cceb03d1373418c436fb,Docnak Photography,professional_services,1829 S 8th Ave,0.8645533141210374,POINT (-118.0159113 34.1184416),-118.0159113,34.1184416
08f26cb91ed10d0503124c1f695e4345,South Dallas Community Market,grocery_store,5210 Bexar St,0.9233926128590971,POINT (-96.7531314 32.7503413),-96.7531314,32.7503413
08f2696148324c1303a942ec1dc12a18,Memos Fruits,eat_and_drink,1030 S Redwood Rd,0.7579666160849773,POINT (-111.9398212 40.7465874),-111.9398212,40.7465874
08f29b6d06c5459d0366de766faa0a5e,Blade Editorial Inc,professional_services,3033 N Central Ave,0.8941256830601093,POINT (-112.0734938 33.4837069),-112.0734938,33.4837069
08f444d68e8e0c09032deb7ed8091c7f,Amigo Juan,mexican_restaurant,2004 Hampton Rd,0.865,POINT (-94.0661089 33.467471),-94.0661089,33.467471
08f2a8ba966e45ab03c0f6e2181f87a6,Burlington Outlet Village,shopping_center,2389 Corporation Pkwy,0.93596425912137,POINT (-79.4358 36.0669),-79.4358,36.0669
08f29a1d2e4258db03b7c4087eb8f2a9,Nora Lighting,lighting_store,6505 Gayhart St,0.9852717795979151,POINT (-118.1371671 34.0008164),-118.1371671,34.0008164
08f2a100eb3b6a58036b1408e30d72b1,Ace Staffing Agency,professional_services,104-11 122nd St,0.93596425912137,POINT (-73.8213263 40.6869167),-73.8213263,40.6869167
08f4455465c0d06e03aebe30a5ea43be,Beachview Vacation Cottages of the Mississippi Gulf Coast,hotel,171 Paradise Ave,0.9793990828827596,POINT (-89.0319032 30.3835863),-89.0319032,30.3835863
08f2ab251166172503fd7ee6925ae721,Busch's Fresh Food Market,international_grocery_store,225 S Canton Center Rd,0.77,POINT (-83.4853147 42.3061464),-83.4853147,42.3061464
08f139a52202a45d03d36833612926cb,Pybus Point Lodge,lodge,Admiralty Island,0.910880262438491,POINT (-134.1342328 57.3058691),-134.1342328,57.3058691
08f2aa1154a2d611034a6bafc24aa955,Indies,bar,Independence street,0.3544715447154472,POINT (-76.559231 40.788972),-76.559231,40.788972
08f2ab2d82bb295e031c0e74eeede8ae,Pizza Hut Express,pizza_restaurant,2400 S Telegraph Rd,0.9952617890630348,POINT (-83.2933189 42.6036334),-83.2933189,42.6036334
08f44da876976af303393dfd2f3fb439,The Honey Baked Ham Company,restaurant,1901 Wellness Blvd,0.9952617890630348,POINT (-80.5795904 35.0236581),-80.5795904,35.0236581
08f2659a0cc6590803dd941c90df1da4,FairBridge Inn Express Memphis,hotel,2880 Lamar Ave,0.9793990828827596,POINT (-89.9663657 35.0912225),-89.9663657,35.0912225
08f2a92571072446034e488e8ffa7355,Taco Bell,fast_food_restaurant,1422 Raible Ave,0.9952617890630348,POINT (-85.7105517 40.1012193),-85.7105517,40.1012193
08f29a1d4c171cc603bebdd37dd9b4c2,UPS Access Point location,courier_and_delivery_services,2699 N Beachwood Dr,0.77,POINT (-118.3212941 34.1201493),-118.3212941,34.1201493
08f489aa2d07686503f81f7bf04af9a6,Insta Ramen,restaurant,1002 E Elms Rd,0.9793990828827596,POINT (-97.7384345 31.0806992),-97.7384345,31.0806992
08f2ad37a14343850391dd40081f8e9f,La Taqueria,mexican_restaurant,804 Inlet Square Dr,0.9793990828827596,POINT (-79.0216397 33.5810797),-79.0216397,33.5810797
08f275d29d245681034cfc53318aa7de,Cubanitas Oak Creek,cuban_restaurant,7973 S Main St,0.9952617890630348,POINT (-87.9179407 42.899806),-87.9179407,42.899806
08f29b6d5d352755036ac504152622eb,Tempus West Valley Realty,videographer,10220 W Bell Rd Ste 103,0.77,POINT (-112.27886708465576 33.63854444930663),-112.27886708465576,33.63854444930663
08f260d87291a36303e6c8529d091026,MACLYN DSM,advertising_agency,1011 Locust St Ste 304,0.77,POINT (-93.6305671 41.5866558),-93.6305671,41.5866558
08f262cac8b6eb1e0391227e7055806f,Tilly's American Travelers RV Park,rv_park,1155 Lake Shady Ave S,0.9793990828827596,POINT (-92.5343629 44.153446),-92.5343629,44.153446
08f44438aab12ab603d0468da22e9a5e,CubeSmart Self Storage,self_storage_facility,542 Highway 61 N,0.9952617890630348,POINT (-91.3462035 31.5639683),-91.3462035,31.5639683
08f2aa80214d98ae03e4bdcff9f59a06,Joss Café,sushi_restaurant,195 Main St,0.9793990828827596,POINT (-76.4909511 38.9779122),-76.4909511,38.9779122
08f2ab3850aca311032a958e700a41e6,Chuck Brown II Bail Bonds,bail_bonds_service,3691 Lee Rd,0.9233926128590971,POINT (-81.5647179 41.4589502),-81.5647179,41.4589502
08f29a109291a22203ed0bdb701120bc,Starbucks,coffee_shop,3027 Rancho Vista Blvd,0.9952617890630348,POINT (-118.1841834 34.6032754),-118.1841834,34.6032754
08f265b48c6ea6d803c7d68182ab94f8,Nabholz,construction_services,1718 Aldersgate Rd,0.93596425912137,POINT (-92.3908894 34.7375866),-92.3908894,34.7375866
08f2aa8d1dc436ac03ab8fa08d441cc3,A & A Hearing Group,hearing_aids,1813-B York Rd,0.77,POINT (-76.62215424 39.43168259),-76.62215424,39.43168259
08f44d071b58a00403e9419f27fabdf5,Waters Edge Shem Creek,bar,,0.48475791990436345,POINT (-79.881891 32.7926738),-79.881891,32.7926738
08f44c42e312cac103267191aa401ab4,Perfect Equipment Company,professional_services,105 Perfect Rd,0.3184402924451666,POINT (-83.69752 32.32576),-83.69752,32.32576
08f4891835a70b4103fe4690ab6900aa,Mcconnell State Prison,accommodation,,0.48475791990436345,POINT (-97.7198516 28.3732004),-97.7198516,28.3732004
08f2a10046b45c73034fe2d3c453591b,Phoenix Building Products,building_supply_store,321 Denton Ave,0.9952617890630348,POINT (-73.6725282 40.7475213),-73.6725282,40.7475213
08f264620c6d462503efe86fc222ba15,Bellerive Gardens Cemetery,funeral_services_and_cemeteries,740 N Mason Rd,0.9793990828827596,POINT (-90.4697333 38.6666521),-90.4697333,38.6666521
08f2759301db539d0356df261133ee31,Palatine Farmers' Market,farmers_market,137 W Wood St,0.9793990828827596,POINT (-88.0469241 42.1128041),-88.0469241,42.1128041
08f2664c1e12970c0346c7c9976d89f7,SEPHORA,cosmetic_and_beauty_supplies,845 N Michigan Ave,0.9793990828827596,POINT (-87.6228929 41.8979769),-87.6228929,41.8979769
08f44d070acc6b2c03d8c7777106600f,Louis Vuitton,fashion_accessories_store,230 King St,0.9952617890630348,POINT (-79.9329453 32.7809107),-79.9329453,32.7809107
08f279e4a851308b030373f134af2819,Big Timber Daycare,day_care_preschool,605 E 7th Ave,0.9793990828827596,POINT (-109.9433057 45.8337935),-109.9433057,45.8337935
08f29acb7491b22c03961762ac2cde06,Plenty on Bell,restaurant,508 Bell St,0.9793990828827596,POINT (-120.2775814 34.7438986),-120.2775814,34.7438986
08f28f01800adc1003a03707f48a758b,Smooth Systems Construction,professional_services,4233 SE 182nd Ave,0.910880262438491,POINT (-122.4759147 45.4918107),-122.4759147,45.4918107
08f29a0969036391032504daedc00ff3,Surf Cycle Laundromat,laundromat,34122 Doheny Park Rd,0.9793990828827596,POINT (-117.6761476 33.4674073),-117.6761476,33.4674073
08f29a926d790723035579618f9c1a4b,Gerd Schneider Nursery LLC,nursery_and_gardening,1225 Bloomfield Ave,0.9793990828827596,POINT (-121.5317864 36.9687127),-121.5317864,36.9687127
08f5d115334485b403081002c9f68498,Hawaii Island Ice Distributors,ice_cream_shop,21 Banyan Dr,0.9793990828827596,POINT (-155.0681931 19.7248313),-155.0681931,19.7248313
08f44e9c9681bcb403c0ec0fc0ce0329,Budget Motel,hotel,1548 Bankhead Hwy W,0.93596425912137,POINT (-86.8706343 33.540673),-86.8706343,33.540673
08f2a930f2c452e203916aaade1ea210,Buckeye Carbide,online_shop,818 Depot St,0.77,POINT (-84.551325 39.105771),-84.551325,39.105771
08f29a1b1364219903f1278ee57f0037,Whitakers Hardware,hardware_store,179 E High St,0.9952617890630348,POINT (-118.8796407 34.2855036),-118.8796407,34.2855036
08f2b890a368bb1103b3a9b0a0dd74d3,Hoarder's Honeypot,thrift_store,996 Altamont Blvd,0.9793990828827596,POINT (-74.0329839 42.6998235),-74.0329839,42.6998235
08f2ad4d2a30583203b5846e1271d213,The Wash House,dry_cleaning,1700 Howard Ave,0.9793990828827596,POINT (-77.5620157 35.8992732),-77.5620157,35.8992732
08f298cb1e73450003321ebbeed09bda,Mammoth Village Gondola,hotel,60 Hillside Dr,0.5860215053763441,POINT (-118.985239 37.65004),-118.985239,37.65004
08f28c6004a6a5520366aaebfff8fdce,Kraken Beach Arts,arts_and_crafts,441 Ocosta St,0.8645533141210374,POINT (-124.1057816 46.8900849),-124.1057816,46.8900849
08f2a8e4cc0c11030321cc02c69c7bb8,Greenbrier Medical Arts Pharmacy,pharmacy,1322 Maplewood Ave,0.77,POINT (-80.469931 37.772697),-80.469931,37.772697
08f446e119883c150375c37494cc4948,UPS Customer Center,professional_services,6751 Procter Ext,0.5860215053763441,POINT (-93.88673 29.936922),-93.88673,29.936922
08f2ab5b32a11d940300d9faba7d2154,Drab Law Office,lawyer,516 Central Ave,0.9952617890630348,POINT (-79.333618 42.4805994),-79.333618,42.4805994
08f275d39bd1dc4103cc91e4a581d097,Debt Advisors Law Offices Downtown Milwaukee,bankruptcy_law,250 E Wisconsin Ave,0.77,POINT (-87.90829 43.03925),-87.90829,43.03925
08f44a132815373603f19b6657f03be8,Chocolatissimo Bakery,bakery,16481 Blatt Blvd,0.48475791990436345,POINT (-80.37359 26.12212),-80.37359,26.12212
08f2a86914ae28d903df50ebd97962e7,Best Western Plus Dutch Haus Inn and Suites,hotel,150 County Line Rd W,0.9793990828827596,POINT (-80.6948665 40.9004913),-80.6948665,40.9004913
08f2696065ac382d039f10dab66abbca,Betos!,mexican_restaurant,3201 S Redwood Rd,0.48475791990436345,POINT (-111.93818 40.70175),-111.93818,40.70175
08f2600b1d28b768034f9e41980fe464,Storage Center,storage_facility,8610 W 41st St,0.9952617890630348,POINT (-96.8334442 43.5150923),-96.8334442,43.5150923
08f26e5bacac063503417b44890234e0,Shred Nations,shredding_services,4000 W 6th St,0.9756489071038251,POINT (-95.2889605 38.9729138),-95.2889605,38.9729138
08f2b8a32e69a1a903faa05285b4e0d0,Cookies Services,construction_services,80 Dutcherville Rd,0.9795024603608529,POINT (-75.92842 43.2821958),-75.92842,43.2821958
08f269680b0a889d037b29c5a672b36a,Deseret Food Store,grocery_store,1205 Flint Meadow Dr,0.5185185185185185,POINT (-111.9375878 41.0350551),-111.9375878,41.0350551
08f2a16a2d3a516203948095e0ec75da,Ready Coffee,coffee_shop,1810 South Rd,0.9799461239149955,POINT (-73.913437 41.6137494),-73.913437,41.6137494
08f29a0b6a91042003c04bfbd9fdb8c1,Shilpark Paint - Garden Grove,paint_store,9001 Garden Grove Blvd,0.77,POINT (-117.974696 33.774217),-117.974696,33.774217
08f44f16edacec1a0388588fbcb14660,The Blueberry Warehouse,fruits_and_vegetables,199 Tobacco Ln,0.9793990828827596,POINT (-82.4719403 31.5396344),-82.4719403,31.5396344
08f2a10773c0d49a0305e4e82bdf49ec,Evergreen Lumber,hardware_store,6117 6th Ave,0.93596425912137,POINT (-74.0149359 40.6371206),-74.0149359,40.6371206
08f2aa86b565942103f758737cca263f,Elsy Express,shopping,8743 Cooper Rd,0.48475791990436345,POINT (-77.1237564 38.7196693),-77.1237564,38.7196693
08f2a80b4312993503c5a5d252aaf6b2,West Fork Events,event_planning,3045 Lakeford Rd,0.9793990828827596,POINT (-79.4834185 39.5238505),-79.4834185,39.5238505
08f29a418666042303accd68f3ac6f48,ampm,convenience_store,3775 Massachusetts Ave,0.9952617890630348,POINT (-117.0425875 32.7457757),-117.0425875,32.7457757
08f2aae08ac3273303dbb2ea3a3611eb,Wendy's,fast_food_restaurant,650 E Main St,0.9952617890630348,POINT (-77.5672459 39.7503773),-77.5672459,39.7503773
08f262cda6385b89030b5a9153f8a31f,Hotel Excelsior,hotel,234 Water St,0.9952617890630348,POINT (-93.5670781 44.9031071),-93.5670781,44.9031071
08f28d4ad1aaeca8032c856abf6c9dbc,King's Teriyaki,japanese_restaurant,1539 Blake St,0.9793990828827596,POINT (-121.9839315 47.2004243),-121.9839315,47.2004243
08f2b8d15acd202003a3c3f857903dc8,Marble Valley Engineering,engineering_services,69 Grove St,0.93596425912137,POINT (-72.9811141 43.6104839),-72.9811141,43.6104839
08f29b6cccd0344b039be71106673105,Tortas Chano,mexican_restaurant,39510 N Daisy Mountain Dr,0.9952617890630348,POINT (-112.1324314 33.8441965),-112.1324314,33.8441965
08f2aa38c1b9312c034441bf768499ce,Army Medical Recruiting,professional_services,204 E Calder Way,0.93596425912137,POINT (-77.85961 40.79506),-77.85961,40.79506
08f44a8903286009031492c267a84177,Nutmeg's Cafe,bakery,515 SW Park St,0.9799461239149955,POINT (-80.8353283 27.2430865),-80.8353283,27.2430865
08f2a14b83b1d90b03b37e4834d96837,CVS Pharmacy,online_shop,20 Burnside Ave,0.77,POINT (-72.6388 41.7745),-72.6388,41.7745
08f2a9c5915140b403b351d3326446f5,The Faulkner Law Office,personal_injury_law,8055 Hayport Rd,0.9952617890630348,POINT (-82.8575124 38.7301384),-82.8575124,38.7301384
08f29a8432c8eb00037b153ccd5bf699,Fast and Friendly,health_food_store,185 E Hermosa St,0.93596425912137,POINT (-119.09053 36.20554),-119.09053,36.20554
08f26818208f3486033855c455f0f042,Rocky Mountain Connection,shoe_store,141 E Elkhorn Ave,0.93596425912137,POINT (-105.5229496 40.3763509),-105.5229496,40.3763509
08f441e5998dc6cb0379e10e1d38c140,PostNet,printing_services,1121 W Price Blvd,0.9952617890630348,POINT (-82.1590044 27.0679415),-82.1590044,27.0679415
08f2a3499dcf213203eeb54cb01f400e,Coastal Electronics,electronics,214 Gardiner Rd,0.9852717795979151,POINT (-69.6688654 44.019241),-69.6688654,44.019241
08f2a1004b0184ac03ccec805926abb0,Ni Ramen,japanese_restaurant,2 Broadway,0.9793990828827596,POINT (-73.6718362 40.6569479),-73.6718362,40.6569479
08f2a306718f08ee0390e682f933e830,Life Alive Organic Cafe,vegetarian_restaurant,22 JFK St,0.9793990828827596,POINT (-71.1196378 42.3729802),-71.1196378,42.3729802
08f2a3497676670203844056f073e79c,Friendship Village Co-op,flowers_and_gifts_shop,11 Main St,0.9793990828827596,POINT (-69.3335785 43.9842881),-69.3335785,43.9842881
08f29ac4da45c3a103c1e12449f23026,Bakersfield Photo Booth Rentals,event_planning,8200 Stockdale Hwy,0.9756489071038251,POINT (-119.0936425 35.355756),-119.0936425,35.355756
08f44ca028926d9203ff41b767341a7f,Grand Summit View,cabin,1263 Ski View Dr,0.3184402924451666,POINT (-83.5599993 35.7069352),-83.5599993,35.7069352
08f26e53634191b403d8aa3573a7aaf5,Hardee’s,burger_restaurant,203 E 27th St,0.77,POINT (-95.26548 38.57281),-95.26548,38.57281
08f2a10a263557aa035d8858e97eaf9c,Taco Bell,fast_food_restaurant,16 W Suffolk Ave,0.9952617890630348,POINT (-73.2046532 40.7899434),-73.2046532,40.7899434
08f2ab2c1e10d01c031b32443f5632ff,Koi Express Hibachi and Sushi,restaurant,23101 Greenfield Rd,0.9793990828827596,POINT (-83.201646 42.4608943),-83.201646,42.4608943
08f2668659b1882503bd81fb6b0f0b1c,All Saints Camp and Retreat Center,campground,833 Hickory Grove Rd,0.9793990828827596,POINT (-86.368007 37.5646599),-86.368007,37.5646599
08f44ae8e516e064032c83e9ccb7e60d,Hydrangea Flowers and Events,flowers_and_gifts_shop,2600 Florida Ave,0.9952617890630348,POINT (-80.0561794 26.6905334),-80.0561794,26.6905334
08f44a1bb0892ca803fefe139c9de12f,4th Street Commons,accommodation,10899 SW 4th St,0.9799461239149955,POINT (-80.3720758 25.7650808),-80.3720758,25.7650808
08f2656016618aaa03f45a3b49b0ba01,Bessine Walterbach,lawyer,3000 NE Brooktree Ln,0.8770555990602976,POINT (-94.54426 39.2043087),-94.54426,39.2043087
08f441ad5dab099b030b26a8f1efd238,Exuberant Tropicals Nursery,nursery_and_gardening,6101 Mabrey Ave,0.9793990828827596,POINT (-82.3856418 27.8268555),-82.3856418,27.8268555
08f44a98cd29b933034e46c3e3ec7e68,Motel 6 Orlando Kissimmee Main Gate West,hotel,7455 W Irlo Bronson Memorial Hwy,0.3184402924451666,POINT (-81.585018 28.334163),-81.585018,28.334163
08f261650ad30512038354b0d63e8de4,Long John Silver's,fast_food_restaurant,817 E North St,0.77,POINT (-103.1972292 44.0871831),-103.1972292,44.0871831
08f266d32d3209830327457fa9a7744f,Boost Mobile,mobile_phone_store,126 Burt Rd,0.9952617890630348,POINT (-84.5191151 38.007152),-84.5191151,38.007152
08f44c228650502b038f024d6fceaef2,Dumpee Dumpsters,garbage_collection_service,2918 Professional Pkwy,0.8770555990602976,POINT (-82.0803119 33.4987989),-82.0803119,33.4987989
08f28d5576ae9635031b6974e2a54d8d,Mattress Firm,mattress_store,2600 SW Barton St,0.9952617890630348,POINT (-122.3667933 47.5225566),-122.3667933,47.5225566
08f2680041549ca803b172e92396c2ef,Pioneer Ridge,holiday_rental_home,2150 Resort Dr,0.3544715447154472,POINT (-106.8187588 40.4593073),-106.8187588,40.4593073
08f29a54db20b98503452132b4a211ce,Yogis Teriyaki,japanese_restaurant,2413 S Fairview St,0.9793990828827596,POINT (-117.9073804 33.7135293),-117.9073804,33.7135293
08f2aaa28e9a64b503f61ec435f1726b,West Park Gardens,hotel,222 W Park Ave,0.9793990828827596,POINT (-78.0009126 38.4689924),-78.0009126,38.4689924
08f29aeb21d08a1603ac63aee48e6871,Redbox,rental_kiosks,1701 Pacheco Rd,0.77,POINT (-119.0217861 35.3103942),-119.0217861,35.3103942
08f2a136a515110e03ec86d4e1bb4c9a,Little Spice Pizzeria,delicatessen,748 Sicklerville Rd,0.910880262438491,POINT (-74.9850525 39.6988544),-74.9850525,39.6988544
08f2681a44a9013403b740109fa9a2dd,The Establishment at Bradburn Village,event_planning,11885 Bradburn Blvd,0.9952617890630348,POINT (-105.0419075 39.9124767),-105.0419075,39.9124767
08f269625495ab0e030407b32ff7df76,Millhaven Homes,construction_services,295 N State St,0.93596425912137,POINT (-111.7214772 40.3426478),-111.7214772,40.3426478
08f48d621139b8b30344b8490175a2ac,Michael's Pharmacy,pharmacy,2410 N Fowler St,0.9279869067103109,POINT (-103.1358992 32.727898),-103.1358992,32.727898
08f44c0a32819ca303fba357b8406a3c,Redbox,rental_kiosks,1280 Gray Hwy,0.77,POINT (-83.6160651 32.859072),-83.6160651,32.859072
08f2a846b140ca8303450c840790edaf,Corson Custom Graphics,sign_making,53 Corson Ln,0.93596425912137,POINT (-80.2310155 40.2941617),-80.2310155,40.2941617
08f48ab2e46c459203226d25fb72d0ec,Deep Rock Dystopia,hotel,23101 FM170,0.865,POINT (-103.5738677 29.3265989),-103.5738677,29.3265989
08f44e00d874e6cd0333011f2102e015,East Bank Campground,campground,153 East Bank Rd,0.9793990828827596,POINT (-84.8517976 30.7190016),-84.8517976,30.7190016
08f29a56582ae483037a234caabd998c,El Tarasco Mexican Food,mexican_restaurant,210 Main St,0.9952617890630348,POINT (-118.4158563 33.9182406),-118.4158563,33.9182406
08f48eec5170b6ea03d53f6499e7b592,Sieling's Mobile Village,accommodation,798 W Sieling Loop,0.48475791990436345,POINT (-109.9181078 31.4050322),-109.9181078,31.4050322
08f44c229dd00bae03e50b9f529513cb,Blue Rhino Propane Exchange,propane_supplier,695 Furys Ferry Rd,0.77,POINT (-82.089836 33.549945),-82.089836,33.549945
08f44a90ec41e20e03ccbb738c4e154f,My Urban Lodge,furniture_store,444 W New England Ave,0.9834369885433715,POINT (-81.3558519 28.5957703),-81.3558519,28.5957703
08f298cb02d756e003246b5863f62d32,"Lake George Camp Ground, Mammoth Lakes, California",campground,,0.48475791990436345,POINT (-119.0096356 37.6025368),-119.0096356,37.6025368
08f262cd5382999a03ba3cdd16e0ad01,Americas Best Value Inn Burnsville Minneapolis,resort,1101 W Burnsville Pkwy,0.77,POINT (-93.2917327880859 44.7692070007324),-93.2917327880859,44.7692070007324
08f2a100d801871d030e74845c013b2f,Buildeem,construction_services,492 Throop Ave,0.804932735426009,POINT (-73.9418784 40.6868555),-73.9418784,40.6868555
08f44c845ea2326803f348e9e90cea93,Composites One LLC,professional_services,169 Kincaid Rd,0.9756489071038251,POINT (-84.290183 35.5750245),-84.290183,35.5750245
08f2719c9cb63b9e03f3042c44b0f1c9,Dakota Supply Group,wholesale_store,715 S 48th St,0.93596425912137,POINT (-97.0988549 47.9152641),-97.0988549,47.9152641
08f275ccb24e15920328d4706f3df5f5,Neale Hall,accommodation,433 Isadore St,0.93596425912137,POINT (-89.5721227 44.530571),-89.5721227,44.530571
08f29a180b423609030ab4a518c65443,Calabasas Printing,printing_services,5173 Douglas Fir Rd,0.93596425912137,POINT (-118.6489146 34.158),-118.6489146,34.158
08f2a100d21134c103ffdfce45695dc5,InStep Consulting LLC,professional_services,601 W 26th St,0.8770555990602976,POINT (-73.9875433 40.7445736),-73.9875433,40.7445736
08f268cd8da1d32b03487acb42549b5e,CCS Facility Services Corporate Headquarters,janitorial_services,1165 S Pennsylvania St,0.77,POINT (-104.9815808 39.6953761),-104.9815808,39.6953761
08f4413c35cd64d003203cca8a0e1d20,Redbox,rental_kiosks,600 Bald Eagle Dr,0.77,POINT (-81.7241714 25.952244),-81.7241714,25.952244
08f298cb027067130313e977457ee274,Twin Lakes Campground,campground,518 Twin Lakes Rd,0.9793990828827596,POINT (-119.0099621 37.616277),-119.0099621,37.616277
08f2aac3a846d1ad03bdd573c3a2078d,Elkton Injury Resource,lawyer,229 E Main St,0.20623145400593468,POINT (-75.82391 39.6102),-75.82391,39.6102
08f29a18d67ad770039dad16a0f8eb0d,CENTERcoffee,coffee_shop,10452 Louise Ave,0.865,POINT (-118.5106625 34.2610151),-118.5106625,34.2610151
08f44f69027a986303c2790124a948e8,Lankford Monuments,funeral_services_and_cemeteries,220 E New York Ave,0.77,POINT (-81.300393 29.027801),-81.300393,29.027801
08f26653a97ab63003e359ea728ee94e,Minute Clinic,shopping,2340 W Sycamore St,0.48475791990436345,POINT (-86.16464 40.48788),-86.16464,40.48788
08f2681a3191b11203efb65a10ef1d15,Phoenix Asylum,event_planning,2510 47th St,0.93596425912137,POINT (-105.2432938 40.0260266),-105.2432938,40.0260266
08f276acc1c1b5810308764740dc52db,Wittock Kitchen and Bath,kitchen_supply_store,1100 Gornick Ave,0.77,POINT (-84.68138 45.01527),-84.68138,45.01527
08f260e273a6d3a20395d2a61c206f77,Malibu Custom Framing,arts_and_crafts,301 N 78th St,0.93596425912137,POINT (-96.0358357 41.2614948),-96.0358357,41.2614948
08f27905b12ab253036f3d6a207b1758,Volk Photography,professional_services,300 29th Ave NE,0.804932735426009,POINT (-111.3075375 47.53213),-111.3075375,47.53213
08f2601b921984550352a75d1877bed7,Triangle,bar,108 S Washington St,0.8941256830601093,POINT (-95.9734255 42.8155897),-95.9734255,42.8155897
08f2a106b3bb015103fa4937f80d505f,Bill's Luncheonette,breakfast_and_brunch_restaurant,160 E Front St,0.9793990828827596,POINT (-74.4228149 40.619528),-74.4228149,40.619528
08f29a1d758809b103eb77767b098582,Good Guys Fabric,fabric_store,737 Ceres Ave,0.77,POINT (-118.24419468641281 34.03705805540085),-118.24419468641281,34.03705805540085
08f26051238ec6260310bc3590e56ac5,Lolkus Outdoors,hunting_and_fishing_supplies,750 5th St,0.8645533141210374,POINT (-95.9483102 43.9351795),-95.9483102,43.9351795
08f283035a5517a803d519edc5e95aee,McDonald's,burger_restaurant,50 Mission Cir,0.77,POINT (-122.673471 38.457976),-122.673471,38.457976
08f28d558c2cb2ea0339dc9eea8f2d5d,Woodside East Apartments,accommodation,16240 NE 14th St,0.9952617890630348,POINT (-122.1226314 47.6228798),-122.1226314,47.6228798
08f26ee2d116392903638f3a4cf33ab4,Taco Mayo,fast_food_restaurant,425 S Utica Ave,0.9952617890630348,POINT (-95.9667418 36.154934),-95.9667418,36.154934
08f44a9971995b8d033809c3eb479d1b,Conroy Security LLC,professional_services,215 Avenue T NE,0.865,POINT (-81.7241838 28.0440949),-81.7241838,28.0440949
08f29a54cdadb88e03e0d2955507738b,Stay wavy,accommodation,800 Pacific Coast Hwy,0.2803234501347709,POINT (-118.0052 33.65993),-118.0052,33.65993
08f266d3704eab560309b6ff63d0c46f,Kroger,supermarket,200 E Brannon Rd,0.9952617890630348,POINT (-84.5360783 37.9547512),-84.5360783,37.9547512
08f262cb60b7206003eadb89bdc0b79f,Redbox,rental_kiosks,994 W Lyon Ave,0.77,POINT (-92.275165 44.443181),-92.275165,44.443181
08f26c844a18ea23039e673a96dcb2be,Journeys,shoe_store,2201 S Interstate 35 E Ste M8,0.77,POINT (-97.1087374 33.1907221),-97.1087374,33.1907221
08f44ae8ecc906430352b65d9d0f69ec,Zeidel & Co,clothing_store,1007 N Dixie Hwy,0.9852717795979151,POINT (-80.0534792 26.721967),-80.0534792,26.721967
08f268c79236aa5203f03e01857e66a1,Forest Films LLC,video_film_production,350 W Henrietta Ave Ste 201,0.77,POINT (-105.0565071 38.995187),-105.0565071,38.995187
08f48eba5020da4003eefec7e4844ad1,T-Mobile,mobile_phone_store,937 N Dobson Rd,0.9952617890630348,POINT (-111.8674586 33.4339035),-111.8674586,33.4339035
08f29a07a2d9484103364ddda43ca7da,Chateau de Swan,hotel,41569 Swan Dr,0.865,POINT (-116.8951768 34.2481081),-116.8951768,34.2481081
08f44422e64860d403029d18e7beaf64,Wendy's,burger_restaurant,935 Brookway Blvd,0.77,POINT (-90.46578168869019 31.57852400129259),-90.46578168869019,31.57852400129259
08f2aae2c92e835c030d3d36c3cd22fd,Bobbie's Daycare Learning Center,day_care_preschool,12221 Greenridge Dr,0.9793990828827596,POINT (-77.2545004 39.2181474),-77.2545004,39.2181474
08f2ad346409bc64034bbc482c561a1f,Little Caesars Pizza,pizza_restaurant,3482 Belle Terre Blvd,0.9952617890630348,POINT (-78.9476656 33.7321972),-78.9476656,33.7321972
08f29a0a58c1eb10034f20025a4378d5,PLPC,software_development,748 Epperson Dr,0.5860215053763441,POINT (-117.895942 34.003007),-117.895942,34.003007
08f2a158e0d1e3630317e57d8183a2a7,Bloodline Sportfishing,hunting_and_fishing_supplies,352 W Lake Dr,0.93596425912137,POINT (-71.9381372 41.0668083),-71.9381372,41.0668083
08f2748cd394444403c4a5883e348604,Trinity Health Lab - Walker,laboratory,1175 Wilson Ave NW,0.77,POINT (-85.7778123 42.9853099),-85.7778123,42.9853099
08f262eb19cea0b1036fe8dc1323076f,Insomnia Cookies,bakery,1600 Warren St,0.9952617890630348,POINT (-93.9935291 44.1459759),-93.9935291,44.1459759
08f2aae82918c19b03298e6461f00482,D.M. Fetrow Inc,environmental_testing,1421 Conewago Rd,0.77,POINT (-76.8752874 40.0570941),-76.8752874,40.0570941
08f2ad344d098096034fe7f1a2af28a8,Kiefer Beach Homes,holiday_rental_home,6001 S Kings Hwy,0.9233926128590971,POINT (-78.9592854 33.6312199),-78.9592854,33.6312199
08f289607080136e03c6ab4f3b743d94,Old Faithful Lodge Cafeteria,resort,725 Old Faithful Lodge Rd,0.77,POINT (-110.825172153689 44.459193243237536),-110.825172153689,44.459193243237536
08f268cccb54c54d0377d52348621419,SKECHERS Factory Outlet,shoe_store,5050 Factory Shops Blvd,0.9793990828827596,POINT (-104.8748037 39.4162089),-104.8748037,39.4162089
08f489c03369686d039bc697982bc8d3,Brass,event_planning,85 NE I-410-LOOP,0.8770555990602976,POINT (-98.4872806 29.5213009),-98.4872806,29.5213009
08f44a905639a0ad0340a3d4b9df9184,Law Office of Erin Morse,divorce_and_family_law,1030 N Orange Ave,0.9953876085004489,POINT (-81.37757 28.5593675),-81.37757,28.5593675
08f48e854563625603ca7625b331449e,University Inn,hotel,950 N Stone Ave,0.9793990828827596,POINT (-110.9715111 32.2339139),-110.9715111,32.2339139
08f29ab9ab06a58003908fcd74f70bea,Ipsos,advertising_agency,3402 N Blackstone Ave,0.3184402924451666,POINT (-119.788419 36.781466),-119.788419,36.781466
08f27594c19a8ac903e585f684e3e4e9,Baseball Tap,pub,202 Walnut St,0.9793990828827596,POINT (-88.9531606 42.2361997),-88.9531606,42.2361997
08f441a092b35a9e0379350d60cd0531,Piccola Italia Restaurant,italian_restaurant,37502 State Road 54,0.9793990828827596,POINT (-82.1964428 28.229761),-82.1964428,28.229761
08f26ed81859545a031d83f5c4ff358b,Muscle Rock Inn,hotel,25334 MO-39,0.9793990828827596,POINT (-93.6159461 36.6213079),-93.6159461,36.6213079
08f275261a22e180039fd049890f5179,Radisson Hotel Minneapolis/St. Paul North,hotel,2540 Cleveland Ave N,0.36111111111111116,POINT (-93.185606 45.017508),-93.185606,45.017508
08f283409a36385d0319be9f4c7c7e08,The UPS Store 1330,printing_services,2059 Camden Ave,0.9952617890630348,POINT (-121.9340496 37.2622483),-121.9340496,37.2622483
08f274c3013248c503234572f4fbd719,Crystal's Gardens Nursery,retail,5698 W kent Rd,0.77,POINT (-84.594782 43.509808),-84.594782,43.509808
08f2a100b2b8b3460342856dfec49792,The Concept Studio,professional_services,1 Riverside Square Mall,0.9233926128590971,POINT (-74.0303779 40.9058297),-74.0303779,40.9058297
08f2a134e1506b1603a98b37b14e4364,Warby Parker,eyewear_and_optician,2000 Route 38,0.9952617890630348,POINT (-75.0259048 39.9409151),-75.0259048,39.9409151
08f2aa18a801edaa033f1cd43e866355,CDC Software,software_development,240 Market St,0.8645533141210374,POINT (-76.4578766 41.0014167),-76.4578766,41.0014167
08f298614d9728cd037aff5c9ccd2a44,H2O Environmental,garbage_collection_service,4435 E Colton Ave,0.93596425912137,POINT (-115.0775316 36.2201815),-115.0775316,36.2201815
08f264d125a25c5603bf1123a0b81781,Chuys Opry Mills Nashville,restaurant,168 Opry Mills Dr,0.5860215053763441,POINT (-86.6917835 36.2041242),-86.6917835,36.2041242
08f489c11a18e9a503b6c1208ae24280,La Regia Tortilla Factory,wholesale_store,1615 N Laredo St,0.9279869067103109,POINT (-98.5047264 29.4405149),-98.5047264,29.4405149
08f2a1004b403bb103a759f641ef5e06,Vivo Entertainment,dj_service,534 Merrick Rd,0.804932735426009,POINT (-73.68119 40.65965),-73.68119,40.65965
08f280685c61ec5903053700d71a6e43,UScellular,mobile_phone_repair,"185 Boatyard Dr., Boatyard Shopping Center",0.77,POINT (-123.806932 39.421097),-123.806932,39.421097
08f446c35c774b8c0371b7129f98a492,Airi Ramen 1960,japanese_restaurant,3645 Cypress Creek Pkwy,0.9952617890630348,POINT (-95.4818986 29.9964235),-95.4818986,29.9964235
08f4442332ad16ab036d52c18162031c,Goat Buildings McComb,construction_services,1072 Gordon Covington Rd,0.9793990828827596,POINT (-90.4825557 31.2891542),-90.4825557,31.2891542
08f44a18c1889b2b0382fd2e33ef5e11,Coconut Grove Sails and Canvas,professional_services,6986 SW 47th St,0.9233926128590971,POINT (-80.3079012 25.72607),-80.3079012,25.72607
08f2752793c8baf403dcacca8c6a89c4,Starbucks,coffee_shop,11960 Business Park Blvd N,0.9952617890630348,POINT (-93.3885075 45.1729878),-93.3885075,45.1729878
08f489c1a2aa53ae03fb24c82cd62859,Discount Carpet Warehouse,carpet_store,2153 S WW White Rd,0.93596425912137,POINT (-98.4047948 29.3919986),-98.4047948,29.3919986
08f28f33a3db146c03a65b2b1a2540a4,Quality Rentals,appliance_store,1405 S Gold St,0.77,POINT (-122.957555 46.700839),-122.957555,46.700839
08f275931a56466503f71e0f71a17c67,Gino's East,pizza_restaurant,45 S Barrington Rd,0.9717227877838684,POINT (-88.14231 42.0703881),-88.14231,42.0703881
08f44131b120909a03882fc6d8cb540c,"Law Office of J. Gary Shirk, PA",divorce_and_family_law,7400 Trail Blvd Ste 102,0.77,POINT (-81.79986 26.24487),-81.79986,26.24487
08f44c2282cf0d93034d5bcf5d4f7592,"J. Michael Spence, Attorney at Law",lawyer,3523 River Watch Pkwy,0.910880262438491,POINT (-82.0763114 33.5176335),-82.0763114,33.5176335
08f28d542c826971033b48110cdedb63,"Zundel Law Offices, PLLC",divorce_and_family_law,1900 W Nickerson St,0.93596425912137,POINT (-122.3353859 47.6057299),-122.3353859,47.6057299
08f26aa5721346b403cc775d6e0c2fb1,Tolmar,event_planning,9351 Eastman Park Dr,0.93596425912137,POINT (-104.8824591 40.4654642),-104.8824591,40.4654642
08f265a48a5a535803dba6567fffcd87,Sales Team - Dependable Building Sales,construction_services,200 E Main St,0.5185185185185185,POINT (-93.459164 35.470957),-93.459164,35.470957
08f44e50e584e983036dbff23cb8e7a1,Jonah Allen Art Gallery,professional_services,4771 E County Highway 30A,0.9799461239149955,POINT (-86.0991371 30.3121619),-86.0991371,30.3121619
08f2a13144ad68a20337ac8051670cb1,Broadway Giant Bagels Mule Road,bagel_shop,600 Mule Rd,0.93596425912137,POINT (-74.24507 39.9568),-74.24507,39.9568
08f2aaaa6e8311980333ee0e21cc884d,Subway,sandwich_shop,1455 Old Bridge Rd,0.9952617890630348,POINT (-77.2617747 38.672542),-77.2617747,38.672542
08f2a1006ec40db0038f55769d177f4b,Omega,watch_store,"630 Old Country Rd, Suite Ste 1094C",0.77,POINT (-73.6128032 40.7380655),-73.6128032,40.7380655
08f264905da9410103cbaf4291cfede5,Domino's Pizza,pizza_restaurant,119 US Highway 31 S,0.9952617890630348,POINT (-86.952032 34.8005118),-86.952032,34.8005118
08f44130134903ae0304765081aff4ad,The Ritz-Carlton Residences,accommodation,5000 Coconut Rd,0.9361702127659575,POINT (-81.8367405 26.3992911),-81.8367405,26.3992911
08f264a692d2d64503cdd25e8f2d2d83,SLS Distribution LLC,professional_services,8295 Tournament Dr,0.865,POINT (-89.7863052 35.0578935),-89.7863052,35.0578935
08f2b1a2914899a0034c4a08a3ac470b,White House Lumber,furniture_store,1138 Old Augusta Rd,0.5860215053763441,POINT (-69.364772 44.182011),-69.364772,44.182011
08f44e42a57443850332b160c172bd16,Mystic Pearl,holiday_rental_home,115 Saltspray Ct,0.8645533141210374,POINT (-85.3037043 29.8123333),-85.3037043,29.8123333
08f489e35ec0eb5c03e472d9a050ff61,EZPAWN,pawn_shop,5203 Cameron Rd,0.9952617890630348,POINT (-97.7082552 30.3103483),-97.7082552,30.3103483
08f2ad2968d54c6203888cf63a084922,Smithfield Packing,professional_services,15855 NC-87 W,0.5860215053763441,POINT (-78.806011 34.7482653),-78.806011,34.7482653
08f2a94d0609b76b033c3fa52be5f414,Jake's Saloon & Sports Pub,sports_bar,2520 Dorr St,0.9952617890630348,POINT (-83.6035829 41.6530229),-83.6035829,41.6530229
08f29a02c69b2cd003e81b6f094ff7a7,Mexico Lindo & Seafood Restaurant,mexican_restaurant,4359 Phelan Rd,0.9793990828827596,POINT (-117.5668603 34.4256984),-117.5668603,34.4256984
08f264a84105b663035b3fedc120a1e5,Sands Florist,flowers_and_gifts_shop,18 Old Hickory Cv,0.9952617890630348,POINT (-88.8498833 35.6570323),-88.8498833,35.6570323
08f44f055bd06889038fa1dd2bc20326,Hyatt Place Jacksonville / St. Johns Town Center,resort,4742 Town Center Pkwy,0.77,POINT (-81.529048 30.256515),-81.529048,30.256515
08f2664c1a80e2b40366270ecb487848,Expansive,professional_services,100 S State St,0.9952617890630348,POINT (-87.6281024 41.8806295),-87.6281024,41.8806295
08f44d92f111002b0375aaf772ecf120,Leo's Pest Control,pest_control_service,2516 Wesley St,0.865,POINT (-82.37159 36.3549),-82.37159,36.3549
08f266d4ac8d8a63033f8e1290f01f5b,AT&T Authorized Retailer - Forest Springs,mobile_phone_store,12923 Factory Ln,0.77,POINT (-85.51061769036785 38.28890180632997),-85.51061769036785,38.28890180632997
08f2a9372849268a03133a48f2461dbb,AT&T Kiosk,mobile_phone_accessories,1100 HANSEL Dr,0.77,POINT (-84.6337846 39.0202602),-84.6337846,39.0202602
08f2aa591cc656080320b78731b38c9d,Forest Lake Campground,campground,574 Ostrander Rd,0.9793990828827596,POINT (-75.5987327 42.0942589),-75.5987327,42.0942589
08f2a992cc158b310326e9972f47c7a4,Blue Bear Mountain,campground,196 Blue Bear Mountain Rd,0.9793990828827596,POINT (-81.65613 36.3037624),-81.65613,36.3037624
08f4898ca02e882e0396569af5a9960f,Great Rate DJs Austin,dj_service,104 Varco Dr,0.77,POINT (-97.955696 30.334784),-97.955696,30.334784
08f44cd112499894031885d6e977f8b3,Gourdneck Cove,hotel,,0.8941256830601093,POINT (-85.8069102 35.0750826),-85.8069102,35.0750826
08f44c03b3c4b74803fa95331a31b13b,El Tequila,mexican_restaurant,168 Garrett Way NW,0.9952617890630348,POINT (-83.25731 33.0965509),-83.25731,33.0965509
08f441a972188d1803bf05b8e3d9a105,Lorelei Resort,resort,10273 Gulf Blvd,0.77,POINT (-82.7667395 27.76448567),-82.7667395,27.76448567
08f2a307469246a80307a3da7e68ff62,Bob's Discount Furniture,furniture_store,263 Broadway,0.9793990828827596,POINT (-71.018024 42.4912917),-71.018024,42.4912917
08f264d00e58ec9c03066bf2205627f2,"Beal, Nations & Crutcher",divorce_and_family_law,1600 Westgate Cir,0.9793990828827596,POINT (-86.8028157 35.967057),-86.8028157,35.967057
08f44c8645a0da92031ef0c62c8c52cc,Los Primos,texmex_restaurant,1712 S Roane St,0.9793990828827596,POINT (-84.5845913 35.9116312),-84.5845913,35.9116312
08f28341a635159c036d95a5cf695a4c,Verutti Liquor,liquor_store,1125 41st Ave,0.9793990828827596,POINT (-121.9650591 36.9686786),-121.9650591,36.9686786
08f265b02db0c93203bffca9a27c2ec0,Big K's Catfish Barn,restaurant,401 N Anderson Rd,0.9793990828827596,POINT (-91.6386699 34.8237898),-91.6386699,34.8237898
08f44d075a9a3658036bc19f809d154f,CVS Pharmacy,pharmacy,1506 E Montague Ave,0.9952617890630348,POINT (-79.9930258 32.8822184),-79.9930258,32.8822184
08f44ad8c68507a8037735bc77ec3f05,Toby’s Rv resort,campground,3550 NE Highway 70,0.9793990828827596,POINT (-81.8151133 27.2162835),-81.8151133,27.2162835
08f44c57614e066b034936fd6fbb52b4,Caldwell And Irvin,lawyer,404 S Church St,0.9793990828827596,POINT (-84.327282 32.8839667),-84.327282,32.8839667
08f29a1d757754ea0332f1270404dc2f,Peking Tavern,chinese_restaurant,236 S Los Angeles St,0.9952617890630348,POINT (-118.2438847 34.0494296),-118.2438847,34.0494296
08f2836ad5d7590603f20d31248711ae,All-In Machining,machine_shop,157 Sloan Ct,0.9233926128590971,POINT (-121.4276718 37.7682083),-121.4276718,37.7682083
08f44a9642658c8803a561ecc750e2e3,Highspeed Animal Trapping,pest_control_service,2072 W Canal Rd,0.9823803009575923,POINT (-81.1896074 28.9222065),-81.1896074,28.9222065
08f44e5ac63025a6031ebef7af5ce791,Jewel In The Sand,hotel,114 Sandprint Cir,0.3544715447154472,POINT (-86.4777388 30.3843409),-86.4777388,30.3843409
08f29a07a62817730302a63090031200,Cabins4Less,hotel,40849 Pedder Rd,0.48475791990436345,POINT (-116.9109587 34.2417063),-116.9109587,34.2417063
08f2a1380a48593603ab50ef9c0d6d7a,New Jersey State Funeral Directors' Association,funeral_services_and_cemeteries,1977 RT-34,0.93596425912137,POINT (-74.0972747 40.1515999),-74.0972747,40.1515999
08f28ac808b6d62903a342e7ce0a59e4,Drake Peak Lookout Cabin,hotel,NF-3819,0.93596425912137,POINT (-120.1578736 42.300516),-120.1578736,42.300516
08f269d8cd34e8e303a6861b23cf6202,Quality Inn Near Western State Colorado University,inn,400 E Tomichi Ave,0.77,POINT (-106.922533 38.544537),-106.922533,38.544537
08f2a10a9446365e03da452ad2e58a68,Sushi.Com,noodles_restaurant,978 Broadway Mall,0.77,POINT (-73.5320206 40.7720798),-73.5320206,40.7720798
08f4880d8ec6476a0305a636ddee7ceb,PMDG Marketing Communications,advertising_agency,901 Victoria St,0.93596425912137,POINT (-99.5049727 27.5077734),-99.5049727,27.5077734
08f446ca107320980360538745e5f994,Kyla On The Go Westbury Notary Services,notary_public,12413 Hillcroft St,0.865,POINT (-95.4926648 29.6412157),-95.4926648,29.6412157
08f489e346b8401503461b9aebb3a215,Gennovacap,web_designer,801 Barton Springs Rd,0.8941256830601093,POINT (-97.7524675 30.2589384),-97.7524675,30.2589384
08f29b6d1850a1b103ec52a03b37d9a9,Hansen Mortuary,funeral_services_and_cemeteries,8314 N 7th St,0.9952617890630348,POINT (-112.0659841 33.5587485),-112.0659841,33.5587485
08f44de4f20da7a403b6e4e2fc35eaac,Golden Dragon II,chinese_restaurant,111 N 4th St,0.9952617890630348,POINT (-80.0709449 34.3757387),-80.0709449,34.3757387
08f29a56736714880313f8dfb2b06f79,Nigel Villanueva,lawyer,220 S Pacific Coast Hwy,0.9793990828827596,POINT (-118.3853271 33.8394791),-118.3853271,33.8394791
08f26ca0d55a61680327a670665934f8,MrJims.Pizza,pizza_restaurant,1100 SE 1st St,0.9952617890630348,POINT (-98.1037085 32.8082371),-98.1037085,32.8082371
08f274c4e80291a5037429a164b11a39,Bulldog Party Store,convenience_store,1709 S State St,0.910880262438491,POINT (-85.4831668 43.6755155),-85.4831668,43.6755155
08f266d32abaa11803e0d41579b1f299,Redbox,clothing_rental,3735 Palomar Centre Dr,0.77,POINT (-84.5718575 38.0047308),-84.5718575,38.0047308
08f44d5ce060395903a3c4e542d378f8,Advanced A/V Rentals,event_planning,2604 Causton Bluff Rd,0.93596425912137,POINT (-81.0472546 32.0662714),-81.0472546,32.0662714
08f26e51319882d2035e864bfa197b56,Rustic Creations and More,arts_and_crafts,839 SW Fairlawn Rd,0.9233926128590971,POINT (-95.7436789 39.0530757),-95.7436789,39.0530757
08f44c174d4566a303b260efbcaff2e1,Walgreens,medical_supply,2075 Lawrenceville Suwanee Rd NW,0.9952617890630348,POINT (-84.0395074 34.0017979),-84.0395074,34.0017979
08f270bb0a61c1210318c322ad9453df,Hwy 73 Tavern,bar,2600 Highway 73,0.7579666160849773,POINT (-93.02224 47.30483),-93.02224,47.30483
08f2b8bd6297249503aca0a3f8a4bcbb,"Michael N. Kalil, Esq. LLC",divorce_and_family_law,1602 Sunset Ave,0.77,POINT (-75.253608 43.093135),-75.253608,43.093135
08f4440cac4dc519034a2647a4c81576,Radiant Health of Baton Rouge,health_food_store,7809 Jefferson Hwy,0.9793990828827596,POINT (-91.1066354 30.428128),-91.1066354,30.428128
08f44f6a95c9b02103105fd40c76bfe4,Flagler Habitat ReStore,furniture_store,5 Hargrove Grde,0.9793990828827596,POINT (-81.2687104 29.5551211),-81.2687104,29.5551211
08f44dd4d125146c032d6ebce8467477,Food Lion,retail,11153 Asheville Hwy.,0.77,POINT (-82.077913 35.036747),-82.077913,35.036747
08f44dd48eca9d95039aede80a193597,True Value,hardware_store,100 S Blackstock Rd,0.93596425912137,POINT (-82.0032554 34.9348816),-82.0032554,34.9348816
08f5d1151a5039630335512ed58ecdd7,Terminix,pest_control_service,16-164 Kalara St,0.9852717795979151,POINT (-155.0516518 19.6371878),-155.0516518,19.6371878
08f44c05a9d85d4e03cde841f1c8d3d3,The Cornbread Cafe,cafe,111 E Court St,0.93596425912137,POINT (-82.7193182 32.7305391),-82.7193182,32.7305391
08f2681b4e66d58c03b6d65162bf0df7,Redbox,rental_kiosks,1891 State Highway 7,0.77,POINT (-105.0100064 40.0022487),-105.0100064,40.0022487
08f446c131498ce303ae88cb34142137,Best Storage,storage_facility,3817 Gulf Fwy,0.48475791990436345,POINT (-95.074934 29.447972),-95.074934,29.447972
08f264e920322773037776c0c8fe6fe2,Classic Trains & Ferraris,toy_store,3125 Lone Oak Rd,0.9793990828827596,POINT (-88.6671459 37.0353568),-88.6671459,37.0353568
08f2a30294c15c2503fd7cb51272a73d,Lexur Studios Films,event_photography,4 Seafoam Ave,0.2803234501347709,POINT (-70.97449 42.37772),-70.97449,42.37772
08f44db4d2c538c903549fabbf097717,Champs Sports,sporting_goods,3320 Silas Creek Pkwy,0.9952617890630348,POINT (-80.2996884 36.0702136),-80.2996884,36.0702136
08f264db36b0956503da2e0fb3a43027,Hampton Inn & Suites Lebanon,hotel,1065 Franklin Rd,0.9952617890630348,POINT (-86.321248 36.183534),-86.321248,36.183534
08f29aac89a5ca8603e3037ac2c12c9e,Jersey Mike's Subs,sandwich_shop,1900 S Main St,0.9952617890630348,POINT (-118.0580553 36.5840357),-118.0580553,36.5840357
08f264d10e4998140334ab60d1b30387,Nashville Daily Spirits,liquor_store,708 Thompson Ln,0.9952617890630348,POINT (-86.7640078 36.112259),-86.7640078,36.112259
08f2ab10810a407403013d0d238e4ba1,CF Lodging and Equine Motel,hotel,5616 Phillips Rice Rd,0.3544715447154472,POINT (-80.71781 41.37282),-80.71781,41.37282
08f2a9b91430cc800372302ee7a173ee,double kwik,convenience_store,1766 Highway 119 N,0.77,POINT (-82.78298918 37.12361621),-82.78298918,37.12361621
08f262dd9ba70a08035cffb4a82a23e2,Strut,advertising_agency,300 1st Ave NW,0.910880262438491,POINT (-92.464114 44.0264703),-92.464114,44.0264703
08f275998262d34203b1917d589f7e36,Marty's,american_restaurant,,0.3544715447154472,POINT (-88.214377 42.763143),-88.214377,42.763143
08f2759c1b245d4603609f2255107c91,La Michoacana,ice_cream_shop,229 E Walworth Ave,0.9793990828827596,POINT (-88.6459369 42.6331511),-88.6459369,42.6331511
08f279b03339454003cf217e4fa63784,Liberty Ranch Campground,rv_park,1013 Crest Ave,0.9952617890630348,POINT (-108.0471593 44.3729559),-108.0471593,44.3729559
08f446c1a11aca4a0343feecf4e89523,Shipping Containers Depot,professional_services,4823 Chase Wick Dr,0.8941256830601093,POINT (-94.98568 29.49849),-94.98568,29.49849
08f2675162b360a8039ca870855c8d8d,Sunnyfield Greenhouse and Garden Center,nursery_and_gardening,2440 E 2550th St,0.9793990828827596,POINT (-89.9444844 41.1844849),-89.9444844,41.1844849
08f28d5c1ca5ac8e03a76327e1c6c641,Dash Point State Park Campground Entry,campground,5700 SW Dash Point Rd,0.5860215053763441,POINT (-122.406626 47.3170809),-122.406626,47.3170809
08f2b8cb46b9dd52033c26958a790691,Casella Waste Systems,garbage_collection_service,357 Avenue C,0.9952617890630348,POINT (-73.1272269 44.4654794),-73.1272269,44.4654794
08f266a5095194f4030fa4944d5c4bb4,Bud's Hardware Store,hardware_store,413 Main St,0.9793990828827596,POINT (-87.8960829 37.9325016),-87.8960829,37.9325016
08f2655cc3033164034b93fb99f8c768,StorageMart,self_storage_facility,1820 W Business Loop 70,0.77,POINT (-92.3664256 38.9680207),-92.3664256,38.9680207
08f444dae300d8e803adcb883a790aaf,Metro by T-Mobile,mobile_phone_store,1401 S Jefferson Ave Ste 100,0.77,POINT (-94.967641 33.1420202),-94.967641,33.1420202
08f266b07605acc6038b593fe0c5eefa,Employment & Training Office,employment_agencies,803 Chestnut St,0.5860215053763441,POINT (-86.438665 36.992838),-86.438665,36.992838
08f26557ad188a0403c4449507074c1e,United States Postal Service,shipping_center,2922 Main St,0.77,POINT (-92.36484736204147 38.54151641027874),-92.36484736204147,38.54151641027874
08f441319077160103f14be3de2aa2a3,KYZ Law PC,business_law,5660 Strand Ct Ste A102,0.77,POINT (-81.744246 26.274366),-81.744246,26.274366
08f274b0e8481d1503125256b6a2eaa4,Blackopsairsoftandlasertag,event_planning,2624 Peddlers Village Rd,0.3544715447154472,POINT (-85.880185 41.6081115),-85.880185,41.6081115
08f260a7434dd2920366c4f0cec509d0,Holiday Inn Express & Suites Beatrice,hotel,4005 N 6th St,0.9952617890630348,POINT (-96.7478494 40.3077789),-96.7478494,40.3077789
08f2a30d5a2642830391da71c64e6845,Raef Granger,professional_services,155 Fleet St,0.804932735426009,POINT (-70.7591796 43.0770043),-70.7591796,43.0770043
08f2888a71cdc41303f2b7ccddd07e4c,Upchurch Vineyard,winery,32901 Vineyard Vw,0.9793990828827596,POINT (-119.4609101 46.2598053),-119.4609101,46.2598053
08f489c0907b472c03e4fb9b01fc152e,Boss Products,shopping,6729 Guada Coma Dr,0.9823803009575923,POINT (-98.285823 29.6105493),-98.285823,29.6105493
08f12db0c2a0b692038632ab1b6f87f4,Exxon,convenience_store,9914 N Wall,0.77,POINT (-117.42166148404408 47.74744460670505),-117.42166148404408,47.74744460670505
08f44c13208a677503951857b8d6c16c,SearchNom Agency,marketing_agency,2625 Piedmont Rd NE Ste 56109,0.77,POINT (-84.36572 33.82771),-84.36572,33.82771
08f2664c1e2aa55a03698a88b64cd513,Libra Hotel,hotel,300 N Michigan Ave,0.3544715447154472,POINT (-87.6250229 41.8870506),-87.6250229,41.8870506
08f2a96a0e2ab0a303e6393a66e3f863,Ten Mile Woods Apparel,fashion,,0.5185185185185185,POINT (-84.3398236 40.8443763),-84.3398236,40.8443763
08f0c146600a077203e8ef1c8f05f161,Safeway,retail,4th & Bering St,0.77,POINT (-165.4081247 64.501067),-165.4081247,64.501067
08f26e51302a39350354a9e2e0757f72,Quik Print Topeka,printing_services,6300 SW 9th Ter,0.93596425912137,POINT (-95.7658773 39.05208),-95.7658773,39.05208
08f2a1a4b496dcd303abc27c49df82d7,OC Beach Vacay - Boardwalk Condo Rental,holiday_rental_home,1201 Atlantic Ave,0.20623145400593468,POINT (-75.0796633 38.3419413),-75.0796633,38.3419413
08f2a149301662aa03d5f5baa76068e3,Redbox,video_and_video_game_rentals,74 W State St,0.77,POINT (-72.5436689 42.2470793),-72.5436689,42.2470793
08f2675dae30396303aa2a5c79717f2f,AmDesign,jewelry_store,4620 E 53rd St,0.9756489071038251,POINT (-90.505831 41.577655),-90.505831,41.577655
08f29a1d75adeb6c032b918f7b955b04,STK Photo,professional_services,650 S Hill St,0.8941256830601093,POINT (-118.2538661 34.0458034),-118.2538661,34.0458034
08f44442a48a2d06031f93035eb8b879,Bayou Sneaux & Snacks,restaurant,1001 Parkview Dr,0.9793990828827596,POINT (-91.800429 30.0018419),-91.800429,30.0018419
08f267184eb350d803674ef99ac0f071,DG Market,retail,671 S McKinley St,0.77,POINT (-90.0543 40.2938),-90.0543,40.2938
08f48e96eba12ad803ada08c43834f2f,Phoenician Concepts,retail,"1300 S Litchfield Rd, Ste 110-M",0.77,POINT (-112.3594753 33.4324117),-112.3594753,33.4324117
08f489bd9a3199090304afd3812cced1,Subway,sandwich_shop,2805 S State Highway 36,0.9852717795979151,POINT (-97.7132331 31.4254223),-97.7132331,31.4254223
08f2aa8782336ccc032bb55ffd3cc704,Zekaria,restaurant,2010 Eisenhower Ave,0.2803234501347709,POINT (-77.0638069 38.8005066),-77.0638069,38.8005066
08f2b99a60a61af603c2dac5a761bbb5,White Birch Campground,campground,7945 Lake Rd,0.77,POINT (-77.0064315795898 43.2709922790527),-77.0064315795898,43.2709922790527
08f2baba667526dd034a617ff91939ab,Stiles Fuel,propane_supplier,124 Lancaster Rd,0.77,POINT (-71.604473 44.380427),-71.604473,44.380427
08f26caa6c0e12a1035afb141c8c1d62,LiquorLand,liquor_store,4940 N Tarrant Pkwy,0.9793990828827596,POINT (-97.2754889 32.8931654),-97.2754889,32.8931654
08f2a307656db41d03d662a6a3bdec1b,Rent-All,outdoor_gear,475 Highland Ave,0.9793990828827596,POINT (-70.9349285 42.491763),-70.9349285,42.491763
08f26aa4361a092b030d4f6ca466db8d,Cruz Construction Solutions,professional_services,295 E 29th St,0.8645533141210374,POINT (-105.0742242 40.4220922),-105.0742242,40.4220922
08f269dd14a180de03557663ebb03589,1-2-Thai,thai_restaurant,Grand Ave,0.3544715447154472,POINT (-107.5977936 38.8693314),-107.5977936,38.8693314
08f268cc519a080d0392a013138ca729,Flintwood Floral,flowers_and_gifts_shop,12543 N Highway 83,0.9852717795979151,POINT (-104.7732227 39.5447459),-104.7732227,39.5447459
08f2b8d79c953cb30399459366a31ea3,United States Postal Service,shipping_center,801 Diamond Point Rd,0.77,POINT (-73.69099706411362 43.481710946895184),-73.69099706411362,43.481710946895184
08f44cc515c5283603c8a82b24bf7646,Menagerie on Main,flowers_and_gifts_shop,351 W Main St,0.9799461239149955,POINT (-84.4943757 34.2369148),-84.4943757,34.2369148
08f2ad20087595a6033fe3dd7fb34603,Prestige Funeral Home,funeral_services_and_cemeteries,300 Martin Luther King Jr Blvd,0.9793990828827596,POINT (-79.3740771 34.4209155),-79.3740771,34.4209155
08f29a0b6a91da0003aca87c941d4429,So Moon Nan Jokbal,korean_restaurant,8911 Garden Grove Blvd,0.9952617890630348,POINT (-117.9764444 33.7747046),-117.9764444,33.7747046
08f2ad667627295203aa9e3d9375bee7,Cardinal State Storage,self_storage_facility,105 Midway Dr,0.93596425912137,POINT (-79.1230788 35.0333666),-79.1230788,35.0333666
08f26c80c4c0019a031c06ec6d34a08e,"Rudd Legal, PLLC",divorce_and_family_law,291 S Preston Rd,0.2803234501347709,POINT (-96.79056 33.23381),-96.79056,33.23381
08f44f690270d052038f18cdbfcf3789,Kappa Map Group,professional_services,124b S Amelia Ave,0.20623145400593468,POINT (-81.30283 29.02773),-81.30283,29.02773
08f28941944696c40330495c4a5c3c07,Mandarin Restaurant,chinese_restaurant,222 E 7th N,0.9793990828827596,POINT (-111.7775941 43.8400722),-111.7775941,43.8400722
08f2aa6035868a13032638671646ea3a,Hometown Storage,self_storage_facility,7292 Route 98,0.9793990828827596,POINT (-78.4020583 42.5495551),-78.4020583,42.5495551
08f266340d965902032f0e4e3468f049,Sol Del Mar Mexican Bar & Grill,mexican_restaurant,10 E Harrison St,0.77,POINT (-88.606927 39.599585),-88.606927,39.599585
08f264b6830cb42403b9982c9b28649c,Computer Universe,it_service_and_computer_repair,1139 W Main St,0.9952617890630348,POINT (-88.7238272 34.2567122),-88.7238272,34.2567122
08f274075085e8ad03074313ff1b43bc,Welcker's Lounge,bar,4192 Main St,0.9793990828827596,POINT (-87.2479153 45.1283416),-87.2479153,45.1283416
08f2aa847286b130031d1110c4c0a9d5,Laundroland,laundromat,8016 New Hampshire Ave,0.3184402924451666,POINT (-76.988603 38.991318),-76.988603,38.991318
08f2a10a1425674c03049cb5dbbe0849,Energy Fuel,burger_restaurant,522 Commack Rd,0.9793990828827596,POINT (-73.3119232 40.7668177),-73.3119232,40.7668177
08f28300ed7221ae03a5043f9b5e9f71,Consign & Design,thrift_store,1220 Trancas St,0.9793990828827596,POINT (-122.2991658 38.3232665),-122.2991658,38.3232665
08f2659a4e6f4173039b03538cc7a75a,Panera Bread,cafe,7501 Goodman Rd,0.9952617890630348,POINT (-89.8562893 34.9605966),-89.8562893,34.9605966
08f4451ba601c36d03d8466728ae63a3,Church Street Cakery,bakery,2516 Old Hwy 24,0.93596425912137,POINT (-89.421095 31.2859277),-89.421095,31.2859277
08f2a304458cb501037f69380780cad1,Liban D'Or,grocery_store,45 Hampshire St,0.9793990828827596,POINT (-71.1897856 42.7284523),-71.1897856,42.7284523
08f28f0b26d1c61003d0233cb062ad85,Nash & Nichol,home_goods_store,609 NE 3rd St,0.9793990828827596,POINT (-123.1931109 45.21015),-123.1931109,45.21015
08f275249b5166560369769812369402,New Creations Child Care and Learning Center,day_care_preschool,16547 Marketplace Dr,0.93596425912137,POINT (-93.6896303 45.3327406),-93.6896303,45.3327406
08f2b892182ce52c038fa261dbef6f98,Stair Galleries,auction_house,549 Warren St,0.9953876085004489,POINT (-73.7851866 42.2483704),-73.7851866,42.2483704
08f44d85ab1a1a640395f03fecc054d9,7-Eleven,convenience_store,2020 Dobys Bridge Rd,0.9952617890630348,POINT (-80.9217055 34.9806077),-80.9217055,34.9806077
08f28d54da86668e037b7e013d5c8365,QFC,retail,926 164th St SE,0.9443323216995447,POINT (-122.21938653850884 47.848552910349895),-122.21938653850884,47.848552910349895
08f29a18802e532b0324827f2dcfeeb6,Victor Tailor,sewing_and_alterations,14517 Sylvan St,0.20623145400593468,POINT (-118.44924 34.1847749),-118.44924,34.1847749
08f2699518a2d731030d61df2fa01098,Cubby Hole Storage,storage_facility,1405 Florida Rd,0.93596425912137,POINT (-107.8512391 37.297622),-107.8512391,37.297622
08f2a847013b675e032e4f2c97cdbbac,Laundry mat,laundromat,W RUN Rd,0.3544715447154472,POINT (-79.909067 40.388236),-79.909067,40.388236
08f26d90eb6ca9940310049677ed9815,Diamond S Ranch - Sanchez Family,holiday_rental_home,,0.19617224880382778,POINT (-99.2305353 32.3457721),-99.2305353,32.3457721
08f28d18252419660364864beb8952fd,Sequim West Inn,hotel,740 W Washington St,0.9793990828827596,POINT (-123.1198437 48.0797689),-123.1198437,48.0797689
08f464e72a35e494034d23ca9ac0fa10,Eleele Shopping Center,shopping_center,4469 Waialo Rd,0.9793990828827596,POINT (-159.5855169 21.9052488),-159.5855169,21.9052488
08f489c0a471538a0359c1331319b3c1,Aquatic Escapes,construction_services,10207 N Interstate #202,0.5185185185185185,POINT (-98.3960223 29.5287735),-98.3960223,29.5287735
08f44d503119ed55038bc90aa52b8796,Dollar General,discount_store,114 S Columbia Ave,0.9952617890630348,POINT (-81.2339361 32.2891951),-81.2339361,32.2891951
08f26560e9c2b72e03d540c3119c8f74,Auction It 4 Me,auction_house,4621 S Shrank Dr,0.8941256830601093,POINT (-94.3785768 39.0349842),-94.3785768,39.0349842
08f441a461041a0e03f57c6442c7dc01,Magnolia Trace RV Park,rv_park,5824 23rd St,0.93596425912137,POINT (-82.1662065 28.2425354),-82.1662065,28.2425354
08f26c937305549d03c942a51ae56607,Adams Design Service,architectural_designer,115 University Pl,0.48475791990436345,POINT (-95.301468 32.347486),-95.301468,32.347486
08f2a8b209300a7603fb0d4968cac5c1,Siler City Moose Lodge,bar,721 Alston Bridge Rd,0.9793990828827596,POINT (-79.4522757 35.7192076),-79.4522757,35.7192076
08f2664c95b3099803447b363f8baf29,"Alejandra I. Vilchis, Attorney at Law",divorce_and_family_law,7061 W North Ave,0.8770555990602976,POINT (-87.8040334 41.9086042),-87.8040334,41.9086042
08f28d5429d4569a03661780dc37bcc7,The Sushi Samurai,sushi_restaurant,1817 Queen Anne Ave N,0.9793990828827596,POINT (-122.3570787 47.6353051),-122.3570787,47.6353051
08f2a364d379b974033dc5e61c5ddc56,Hotel Coolidge,hotel,39 S Main St,0.9953876085004489,POINT (-72.3188791 43.6480214),-72.3188791,43.6480214
08f26aacdad61c2103b1bf12800193ed,United States Postal Service,shipping_center,320 1st St,0.77,POINT (-104.85098161183947 40.5240043900689),-104.85098161183947,40.5240043900689
08f2a100882d66c0039980aec7834f95,String Player Central,musical_instrument_store,2350 Broadway #1111,0.77,POINT (-73.97641 40.78779),-73.97641,40.78779
08f2a1272865b2ad030393d2e263965c,Walmart Grocery Pickup,grocery_store,2601 MacArthur Rd,0.9793990828827596,POINT (-75.4877814 40.644399),-75.4877814,40.644399
08f2a312c624500a038c2fa00db69f76,The Beachside on Nantucket,resort,30 N Beach St,0.77,POINT (-70.1031851 41.2895769),-70.1031851,41.2895769
08f266812e1b0b1e03f515b5a64b633b,Magpie Avenue,boutique,119 E Chestnut St,0.9279869067103109,POINT (-86.1256554 38.2104222),-86.1256554,38.2104222
08f266694b8dd34103db5d8f268c8bfe,SNT Biotech Lab,pharmacy,24119 W Riverwalk Ct,0.8770555990602976,POINT (-88.2061076 41.6186691),-88.2061076,41.6186691
08f44d07088ec660039e8c30926bcd5c,Residence Inn by Marriott Charleston Downtown/Riverview,hotel,90 Ripley Point Dr,0.9952617890630348,POINT (-79.9655274 32.7775184),-79.9655274,32.7775184
08f2a30c4673036e03665822befc4416,Portsmouth Invitation Company,printing_services,150 Lafayette Rd,0.93596425912137,POINT (-70.8054183 43.009466),-70.8054183,43.009466
08f2652905d1006d036995518da59108,Price Chopper,grocery_store,520 S Commercial St,0.9793990828827596,POINT (-94.3598256 38.6527268),-94.3598256,38.6527268
08f2a107756f1b2003ea02197b5b07c1,Dipon Mobile,mobile_phone_store,475 McDonald Ave,0.865,POINT (-73.9792532 40.6425953),-73.9792532,40.6425953
08f2b8e05bd8d821030d3d82f3ed1a9b,Serendipity's,bar,9 William St,0.93596425912137,POINT (-75.4690657 44.3346188),-75.4690657,44.3346188
08f44550949406a80323a45c9b29f172,Hotel Vela,hotel,1409 24th Ave,0.77,POINT (-89.09175714110451 30.36865409087421),-89.09175714110451,30.36865409087421
08f2832171a6a6a3037a788a5eceaf26,Clock Tower Self Storage,self_storage_facility,7500 Folsom Auburn Rd,0.9952617890630348,POINT (-121.1691802 38.7023859),-121.1691802,38.7023859
08f44f009c73212803cfa85f7b93f01a,Third and Main,hotel,1303 Main St N,0.7579666160849773,POINT (-81.65428 30.33937),-81.65428,30.33937
08f48c6c6a1538dd035389c7b17be7e9,Unique Soccer,sporting_goods,6101 Gateway Blvd W,0.9793990828827596,POINT (-106.4122934 31.782895),-106.4122934,31.782895
08f2a134ac30a72e03e81070c7225208,Pho Ha Saigon,vietnamese_restaurant,575 Adams Ave,0.9793990828827596,POINT (-75.107989 40.0358935),-75.107989,40.0358935
08f27434266e6b3103d9de9bb1fa3249,ALDI USA,supermarket,2492 S Oneida St,0.9952617890630348,POINT (-88.0708005 44.4837608),-88.0708005,44.4837608
08f2a1225e49c46e0373a4acca5798d4,Childtime of Doylestown,child_care_and_day_care,1092 Pebble Hill Rd,0.77,POINT (-75.09884 40.28403),-75.09884,40.28403
08f29898cd6492f00319bd2ea9f7aa7a,Jiffys Pizza Tahoe Vista,pizza_restaurant,7019 N Lake Blvd,0.9793990828827596,POINT (-120.0480909 39.2397206),-120.0480909,39.2397206
08f2a1227391869c0340b42a0b2fb9d1,Cook & Gardener Vintage + Antiques,gift_shop,"5806 Lower York Rd, (Rt. 202)",0.77,POINT (-75.03308859 40.34648265),-75.03308859,40.34648265
08f2986b9500151403000839843a0fef,Vivida Dermatology,professional_services,2110 E Flamingo Rd,0.9795024603608529,POINT (-115.1230373 36.1154455),-115.1230373,36.1154455
08f2a91d6a4969b203b7fa6ebcd7ac79,Rhino Self Storage - South Bloomfield,self_storage_facility,5005 Corinne Dr,0.77,POINT (-82.9882652 39.7228852),-82.9882652,39.7228852
08f2b9b34d2f3cc603e6e324483b99d1,Amabel Provisions,specialty_grocery_store,1006 Elmwood Ave,0.93596425912137,POINT (-78.8771698 42.9243775),-78.8771698,42.9243775
08f44554529961a503a33f1b232cad5b,D'Iberville Memorial Park,funeral_services_and_cemeteries,11041 Gorenflo Rd,0.9952617890630348,POINT (-88.8873648 30.443667),-88.8873648,30.443667
08f2a100c338916003d9d5f8b3f40a22,Telco Stores,department_store,60-80 Myrtle Ave,0.9793990828827596,POINT (-73.8953824 40.7006783),-73.8953824,40.7006783
08f2a33170a7516503e1061a055bc74e,Family Dollar,discount_store,52 Newport Ave,0.8941256830601093,POINT (-71.3531772 41.8575093),-71.3531772,41.8575093
08f29a1d58c403a50322528dbaff3bd1,IHOP,breakfast_and_brunch_restaurant,605 N Glendale Ave,0.9793990828827596,POINT (-118.2430402 34.15502),-118.2430402,34.15502
08f2a33d10b34d8a035e19b46e7fa75e,Olive Garden Italian Restaurant,salad_bar,728 Donald Lynch Blvd,0.77,POINT (-71.6235 42.35027),-71.6235,42.35027
08f2640c507a574b03f3da764f851ea1,Soccer Master,sporting_goods,3660 Green Mount Crossing Dr,0.9793990828827596,POINT (-89.9238948 38.5717815),-89.9238948,38.5717815
08f2661a308b5401037bdedbf16f4520,Pride Academy,day_care_preschool,5615 W 22nd St,0.9793990828827596,POINT (-86.2557025 39.7948393),-86.2557025,39.7948393
08f2836204903b8603c7ac8fb9b8347b,College Square Shopping Center,shopping_center,4555 N Pershing Ave,0.48475791990436345,POINT (-121.32246 37.987137),-121.32246,37.987137
08f44a915b9a2b8c03ffbe330ff14b89,Climax Smoke Shop,tobacco_shop,5389 S Kirkman Rd Ste 106,0.77,POINT (-81.45821 28.484735),-81.45821,28.484735
08f2aa845cd0d733039915c6b9eb1b29,Monte's Sweet Sorrel,tea_room,2800 10th St NE,0.3544715447154472,POINT (-76.99274 38.92584),-76.99274,38.92584
08f29a4720505a2603ba8536e42e6915,"MKA International, Inc. (MKA San Diego)",engineering_services,16644 W Bernardo Dr Ste 101,0.77,POINT (-117.0832979 33.0154527),-117.0832979,33.0154527
08f44ed29315299403980e038961210f,Circle K,convenience_store,4500 Highway 171,0.9952617890630348,POINT (-87.6028317 33.2658304),-87.6028317,33.2658304
08f27aa8b46ae2800360ca1c4068f8a5,White Mountain Operating,professional_services,5201 Sunset Blvd,0.910880262438491,POINT (-103.6962714 48.1452547),-103.6962714,48.1452547
08f44cd5a3a1d35903c903d56f6e07b5,Carlos Bail Bonding,bail_bonds_service,709 Cherry St,0.9279869067103109,POINT (-85.3084825 35.0481236),-85.3084825,35.0481236
08f2aaab0a12207303f870c0bea0a166,Popeyes® Louisiana Kitchen,chicken_restaurant,11938 Fair Oaks Mall,0.9952617890630348,POINT (-77.3599711 38.8635456),-77.3599711,38.8635456
08f2a9a544099a3303f1cfbe09906913,Doctor's Inn,bed_and_breakfast,617 Chestnut St,0.9793990828827596,POINT (-84.3029329 37.5678235),-84.3029329,37.5678235
08f489d59ab606c803517ccee128ff0f,Chateau Burg RV Resort,rv_park,3255 S State Highway 16,0.9536423841059603,POINT (-98.9018371 30.237558),-98.9018371,30.237558
08f28300a306e24e0322af6f6f066631,Laundry Depot,laundromat,1500 W Texas St,0.9793990828827596,POINT (-122.055762 38.249538),-122.055762,38.249538
08f2a304ab500b300393494298943b2d,Vera Bradley Outlet Store,fashion_accessories_store,80 Premium Outlets Blvd,0.5860215053763441,POINT (-71.50059 42.8262),-71.50059,42.8262
08f44a9598b62085030e8a8dbdbf1fa4,Orange Pest Control,pest_control_service,580 Cox Rd,0.8770555990602976,POINT (-80.7884147 28.3650288),-80.7884147,28.3650288
08f2aacce82d6a6103845e2dbb3c7c54,Kinder-Haus,day_care_preschool,428 Ranck Rd,0.9793990828827596,POINT (-76.0647554 40.1031967),-76.0647554,40.1031967
08f44e554c71e3340398cae2f4547f36,Keto on the Beach,bakery,11115 Hutchison Blvd,0.3544715447154472,POINT (-85.8146 30.18684),-85.8146,30.18684
08f44a821121399003402174c2ce6e04,Cumberland Farms,convenience_store,4440 W New Haven Ave,0.9952617890630348,POINT (-80.700681 28.0794512),-80.700681,28.0794512
08f0c74d4e76ba1c0398ee2b81d99881,Riley Creek Campground,campground,"Denali National Park and Preserve, Denali Park Rd",0.9793990828827596,POINT (-148.8974886 63.730941),-148.8974886,63.730941
08f2748042da1a5303eb5bc2848e5b4c,Starbucks,coffee_shop,902 W State St,0.9952617890630348,POINT (-85.2999334 42.6472063),-85.2999334,42.6472063
08f2aa858c02575d03761a5b6e3c2964,Biscotti Restaurant,italian_restaurant,7212 Muncaster Mill Rd,0.9793990828827596,POINT (-77.1448693 39.1450187),-77.1448693,39.1450187
08f2aaa281466414032b6b584786986f,Albana's Taverna,greek_restaurant,614 Sperryville Pike,0.9793990828827596,POINT (-78.0020438 38.4791931),-78.0020438,38.4791931
08f266d488d16508035fdb9cd0f1d9e5,Law Office of Nick C. Thompson,lawyer,800 Stone Creek Pkwy,0.48475791990436345,POINT (-85.57432 38.23575),-85.57432,38.23575
08f44d983279db530333f0c5bfd9ba97,CVS Beauty,shopping,11 River Ridge Dr,0.3544715447154472,POINT (-82.5066907 35.5705523),-82.5066907,35.5705523
08f12db39396954003349b18c417b8b9,"Little Caesars Pizza (1521 N. Argonne Rd. Spokane Valley, WA)",pizza_restaurant,1521 N Argonne Rd,0.9952617890630348,POINT (-117.2832759 47.6710429),-117.2832759,47.6710429
08f26e8596cd54a2039a344846991bbc,Eleganza Select Granite and Marble,home_improvement_store,5556 S Mingo Rd Ste F,0.77,POINT (-95.86859 36.0831306),-95.86859,36.0831306
08f264626e598c9b0387b05d57221b4c,Objex Design,professional_services,7370 Manchester Rd,0.9233926128590971,POINT (-90.3193877 38.6126409),-90.3193877,38.6126409
08f2a310c538431a031dac960edb1fe4,Inn at Swan River,hotel,829 Main St,0.9443323216995447,POINT (-70.151882 41.6678376),-70.151882,41.6678376
08f2a3286a8c460603917d5a10809fea,Circle K,convenience_store,800 Elm St,0.9952617890630348,POINT (-71.7185768 42.8408244),-71.7185768,42.8408244
08f2a9052a9508a203eea7ca4a4ecef5,Gehret Funeral Home,funeral_services_and_cemeteries,64 Elm St,0.9952617890630348,POINT (-84.3639504 40.3507536),-84.3639504,40.3507536
08f29a0ce549e59103ab46a432e39549,Hemet Radiology Medical Group,pharmacy,3292 E Florida Ave,0.9279869067103109,POINT (-116.9372757 33.7478457),-116.9372757,33.7478457
08f489c458d5bc9c0392b094d48acbb7,Las Fontanas Mexican Kitchen,texmex_restaurant,1551 N Walnut Ave,0.9953876085004489,POINT (-98.1563092 29.7128998),-98.1563092,29.7128998
08f2a823a634215903f06acae2099f65,William B. Summers & Associates,dui_law,3301 Dudley Ave,0.77,POINT (-81.53522 39.285837),-81.53522,39.285837
08f26d38ce185c8e03a61ce0134d7cd2,Superior Tanker Wash,seafood_restaurant,709 E 1st St,0.9795024603608529,POINT (-102.3919536 34.8186736),-102.3919536,34.8186736
08f44a828b67117003907983dbf5651a,Bremer Boys LLC,construction_services,1180 S Patrick Dr,0.9756489071038251,POINT (-80.6062656 28.179978),-80.6062656,28.179978
08f2664cf3081d5b035a531ea4fa0dd1,MJD Auto Repair,tire_shop,4435 S Ashland Ave,0.77,POINT (-87.66470432723162 41.812966849164134),-87.66470432723162,41.812966849164134
08f446c242528b4d030f74580aa12429,Argo Mosaic,carpet_store,594 Sawdust Rd,0.20623145400593468,POINT (-95.45172 30.12694),-95.45172,30.12694
08f27ad692142b2603c11f016f0c96bf,AT&T Store,mobile_phone_accessories,3447 S Broadway,0.77,POINT (-101.2950526 48.1994123),-101.2950526,48.1994123
08f2832b0516d8d00328df5183e622bd,Power Market,convenience_store,3180 Jefferson Blvd,0.9952617890630348,POINT (-121.5507659 38.5395074),-121.5507659,38.5395074
08f489c091100ba403f8f8348cb3297d,Dump-Star Rentals and More,garbage_collection_service,18819 FM 2252,0.804932735426009,POINT (-98.3164597 29.6173544),-98.3164597,29.6173544
08f444b02eb5018803b9a7b920fe5198,Mother's Day Out Daycare Program,day_care_preschool,3819 Central Ave,0.8941256830601093,POINT (-93.0603817 34.4615934),-93.0603817,34.4615934
08f262d9a350240203fd164fba637938,143,home_goods_store,143 Washington St,0.7579666160849773,POINT (-91.81909 44.10014),-91.81909,44.10014
08f44ccd2e31672e0310e0fac96580cf,Courthouse Tool & Tractor Rental,machine_and_tool_rentals,785 Seaboard Dr Ste 201,0.77,POINT (-84.84171295 33.91357422),-84.84171295,33.91357422
08f2830821a034dc038a111a596b5b94,Southern Glazer's Wine & Spirits,liquor_store,2211 Palou Ave,0.9279869067103109,POINT (-122.402261 37.740232),-122.402261,37.740232
08f26c02b35098e1039a9526346b48ef,Best Western Plus Weatherford,hotel,525 E Main St,0.9952617890630348,POINT (-98.7015018 35.5263756),-98.7015018,35.5263756
